2019-09-26 02:02:24,2987.8万,156.3万,102.2万,9.8,28620人评
2019-09-26 03:02:26,2988万,156.3万,102.2万,9.8,28622人评
2019-09-26 04:02:27,2988万,156.3万,102.2万,9.8,28622人评
2019-09-26 05:02:29,2988.1万,156.3万,102.2万,9.8,28623人评
2019-09-26 06:02:30,2988.1万,156.3万,102.2万,9.8,28623人评
2019-09-26 07:02:32,2988.2万,156.3万,102.2万,9.8,28623人评
2019-09-26 08:02:34,2988.2万,156.3万,102.2万,9.8,28623人评
2019-09-26 09:02:36,2988.2万,156.3万,102.2万,9.8,28623人评
2019-09-26 10:02:37,2988.3万,156.3万,102.2万,9.8,28623人评
2019-09-26 11:02:39,2988.4万,156.3万,102.2万,9.8,28623人评
2019-09-26 12:02:41,2988.5万,156.3万,102.2万,9.8,28623人评
2019-09-26 13:02:42,2988.6万,156.3万,102.2万,9.8,28624人评
2019-09-26 14:02:44,2988.8万,156.3万,102.2万,9.8,28624人评
2019-09-26 15:02:46,2989万,156.3万,102.2万,9.8,28626人评
2019-09-26 16:02:47,2989.1万,156.3万,102.2万,9.8,28626人评
2019-09-26 17:02:49,2989.2万,156.3万,102.2万,9.8,28626人评
2019-09-26 18:02:51,2989.3万,156.3万,102.2万,9.8,28627人评
2019-09-26 19:02:52,2989.5万,156.4万,102.2万,9.8,28628人评
2019-09-26 20:02:54,2989.7万,156.4万,102.2万,9.8,28628人评
2019-09-26 21:02:56,2989.9万,156.4万,102.2万,9.8,28628人评
2019-09-26 22:02:58,2990万,156.4万,102.3万,9.8,28628人评
2019-09-26 23:03:00,2990.3万,156.4万,102.3万,9.8,28630人评
2019-09-27 00:03:01,2990.5万,156.4万,102.3万,9.8,28634人评
2019-09-27 01:03:03,2990.8万,156.4万,102.3万,9.8,28634人评
2019-09-27 02:03:05,2991万,156.4万,102.3万,9.8,28635人评
2019-09-27 03:03:06,2991.2万,156.4万,102.3万,9.8,28636人评
2019-09-27 04:03:08,2991.2万,156.4万,102.3万,9.8,28636人评
2019-09-27 05:03:02,29912749,1564433,1022965,9.8,28638
2019-09-27 06:03:03,29913020,1564443,1022967,9.8,28638
2019-09-27 07:03:05,29913313,1564454,1022970,9.8,28638
2019-09-27 08:03:05,29913698,1564481,1022983,9.8,28639
2019-09-27 09:03:06,29914295,1564506,1022997,9.8,28639
2019-09-27 10:03:06,29914914,1564535,1023001,9.8,28639
2019-09-27 11:03:06,29915680,1564574,1023014,9.8,28639
2019-09-27 12:03:07,29916599,1564622,1023032,9.8,28639
2019-09-27 13:03:07,29917864,1564670,1023043,9.8,28641
2019-09-27 14:03:07,29919878,1564750,1023078,9.8,28645
2019-09-27 15:03:07,29921448,1564827,1023138,9.8,28646
2019-09-27 16:03:07,29922739,1564878,1023165,9.8,28646
2019-09-27 17:03:08,29923886,1564924,1023201,9.8,28647
2019-09-27 18:03:08,29925131,1564965,1023231,9.8,28648
2019-09-27 19:03:08,29926564,1565026,1023282,9.8,28648
2019-09-27 20:03:08,29928312,1565095,1023320,9.8,28648
2019-09-27 21:03:08,29930182,1565192,1023365,9.8,28648
2019-09-27 22:03:09,29932165,1565286,1023419,9.8,28650
2019-09-27 23:03:09,29934558,1565401,1023492,9.8,28650
2019-09-28 00:03:09,29937253,1565527,1023560,9.8,28653
2019-09-28 01:03:09,29939922,1565659,1023630,9.8,28653
2019-09-28 02:03:09,29942045,1565751,1023705,9.8,28653
2019-09-28 02:07:42,2994.2万,156.6万,102.4万,9.8,28654人评
2019-09-28 03:03:10,29943574,1565837,1023776,9.8,28654
2019-09-28 04:03:10,29944509,1565880,1023809,9.8,28654
2019-09-28 05:03:10,29945058,1565909,1023829,9.8,28654
2019-09-28 06:03:10,29945417,1565919,1023835,9.8,28654
2019-09-28 07:03:11,29945671,1565924,1023839,9.8,28654
2019-09-28 08:03:11,29946056,1565941,1023844,9.8,28654
2019-09-28 09:03:11,29946818,1565999,1023853,9.8,28654
2019-09-28 10:03:11,29947978,1566081,1023907,9.8,28654
2019-09-28 11:03:11,29949419,1566187,1023931,9.8,28655
2019-09-28 12:03:12,29951013,1566266,1023965,9.8,28656
2019-09-28 13:03:12,29953030,1566373,1024017,9.8,28657
2019-09-28 14:03:12,29955474,1566517,1024085,9.8,28658
2019-09-28 15:03:12,29957570,1566612,1024160,9.8,28658
2019-09-28 16:03:12,29959402,1566692,1024187,9.8,28662
2019-09-28 17:03:13,29961103,1566770,1024233,9.8,28662
2019-09-28 18:03:13,29962891,1566832,1024274,9.8,28667
2019-09-28 19:03:13,29964896,1566904,1024324,9.8,28667
2019-09-28 20:03:13,29966929,1566997,1024410,9.8,28668
2019-09-28 21:03:13,29968944,1567105,1024477,9.8,28671
2019-09-28 22:03:14,29971024,1567181,1024554,9.8,28675
2019-09-28 23:03:14,29973272,1567267,1024613,9.8,28674
2019-09-29 00:03:14,29975894,1567374,1024655,9.8,28674
2019-09-29 01:03:14,29978538,1567462,1024685,9.8,28675
2019-09-29 02:03:15,29980461,1567552,1024724,9.8,28676
2019-09-29 03:03:15,29981777,1567618,1024754,9.8,28678
2019-09-29 04:03:15,29982570,1567652,1024765,9.8,28679
2019-09-29 05:03:15,29983016,1567670,1024773,9.8,28682
2019-09-29 06:03:15,29983334,1567678,1024773,9.8,28682
2019-09-29 07:03:16,29983607,1567693,1024776,9.8,28683
2019-09-29 08:03:16,29984058,1567717,1024779,9.8,28683
2019-09-29 09:03:16,29984693,1567753,1024791,9.8,28683
2019-09-29 10:03:16,29985483,1567790,1024812,9.8,28683
2019-09-29 11:03:16,29986385,1567846,1024868,9.8,28684
2019-09-29 12:03:17,29987467,1567898,1024880,9.8,28686
2019-09-29 13:03:17,29988800,1567951,1024896,9.8,28687
2019-09-29 14:03:17,29990775,1568053,1024930,9.8,28689
2019-09-29 15:03:17,29992454,1568124,1024971,9.8,28689
2019-09-29 16:03:18,29993736,1568176,1024997,9.8,28694
2019-09-29 17:03:18,29995004,1568218,1025073,9.8,28695
2019-09-29 18:03:18,29996259,1568287,1025133,9.8,28695
2019-09-29 19:03:18,29997912,1568391,1025182,9.8,28695
2019-09-29 20:03:18,29999805,1568477,1025229,9.8,28696
2019-09-29 21:03:19,30001919,1568564,1025296,9.8,28697
2019-09-29 22:03:20,30004100,1568656,1025350,9.8,28697
2019-09-29 23:03:21,30006533,1568789,1025462,9.8,28700
2019-09-30 00:03:22,30009172,1568904,1025519,9.8,28703
2019-09-30 01:03:23,30011911,1569035,1025573,9.8,28709
2019-09-30 02:03:24,30013931,1569124,1025640,9.8,28709
2019-09-30 03:03:24,30015320,1569193,1025708,9.8,28710
2019-09-30 04:03:25,30016134,1569213,1025740,9.8,28710
2019-09-30 05:03:26,30016666,1569237,1025757,9.8,28710
2019-09-30 06:03:27,30016973,1569252,1025757,9.8,28711
2019-09-30 07:03:28,30017272,1569263,1025768,9.8,28711
2019-09-30 08:03:28,30017733,1569288,1025780,9.8,28711
2019-09-30 09:03:29,30018352,1569325,1025802,9.8,28711
2019-09-30 10:03:30,30019234,1569368,1025818,9.8,28712
2019-09-30 11:03:31,30020350,1569416,1025849,9.8,28713
2019-09-30 12:03:32,30021815,1569485,1025895,9.8,28713
2019-09-30 13:03:32,30023484,1569544,1025927,9.8,28713
2019-09-30 14:03:33,30025696,1569654,1025978,9.8,28714
2019-09-30 15:03:34,30027583,1569760,1026027,9.8,28715
2019-09-30 16:03:35,30029135,1569824,1026059,9.8,28715
2019-09-30 17:03:36,30030801,1569914,1026116,9.8,28716
2019-09-30 18:03:37,30032449,1569994,1026140,9.8,28716
2019-09-30 19:03:38,30034299,1570090,1026193,9.8,28716
2019-09-30 20:03:38,30036416,1570219,1026227,9.8,28718
2019-09-30 21:03:40,30038686,1570350,1026262,9.8,28719
2019-09-30 22:03:40,30040910,1570455,1026295,9.8,28719
2019-09-30 23:03:41,30043592,1570584,1026349,9.8,28719
2019-10-01 00:03:42,30046891,1570733,1026452,9.8,28721
2019-10-01 01:03:43,30050030,1570844,1026534,9.8,28722
2019-10-01 02:03:44,30052560,1570957,1026578,9.8,28724
2019-10-01 03:03:45,30054533,1571052,1026624,9.8,28725
2019-10-01 04:03:46,30055747,1571096,1026648,9.8,28726
2019-10-01 05:03:47,30056390,1571131,1026668,9.8,28726
2019-10-01 06:03:48,30056808,1571148,1026683,9.8,28726
2019-10-01 07:03:49,30057170,1571161,1026683,9.8,28726
2019-10-01 08:03:50,30057704,1571184,1026685,9.8,28726
2019-10-01 09:03:51,30058724,1571230,1026700,9.8,28726
2019-10-01 10:03:52,30060201,1571311,1026726,9.8,28726
2019-10-01 11:03:53,30061953,1571408,1026776,9.8,28726
2019-10-01 12:03:54,30063309,1571497,1026811,9.8,28729
2019-10-01 13:03:54,30065017,1571591,1026843,9.8,28731
2019-10-01 14:03:55,30067229,1571701,1026893,9.8,28733
2019-10-01 15:03:56,30069848,1571833,1026970,9.8,28735
2019-10-01 16:03:57,30072306,1571941,1027025,9.8,28736
2019-10-01 17:03:58,30074823,1572059,1027093,9.8,28736
2019-10-01 18:03:58,30077226,1572155,1027150,9.8,28737
2019-10-01 19:03:59,30079732,1572273,1027248,9.8,28737
2019-10-01 20:04:00,30082286,1572398,1027325,9.8,28739
2019-10-01 21:04:01,30084836,1572525,1027413,9.8,28739
2019-10-01 22:04:02,30087712,1572658,1027473,9.8,28739
2019-10-01 23:04:03,30091001,1572814,1027599,9.8,28743
2019-10-02 00:04:05,30094661,1572987,1027708,9.8,28746
2019-10-02 01:04:06,30098168,1573123,1027883,9.8,28747
2019-10-02 02:04:07,30101023,1573249,1027973,9.8,28747
2019-10-02 03:04:08,30103095,1573335,1028047,9.8,28749
2019-10-02 04:04:09,30104305,1573381,1028085,9.8,28749
2019-10-02 05:04:09,30105096,1573417,1028103,9.8,28749
2019-10-02 06:04:10,30105588,1573431,1028109,9.8,28750
2019-10-02 07:04:11,30105940,1573440,1028113,9.8,28750
2019-10-02 08:04:12,30106437,1573457,1028124,9.8,28751
2019-10-02 09:04:13,30107403,1573496,1028166,9.8,28751
2019-10-02 10:04:13,30108907,1573571,1028195,9.8,28751
2019-10-02 11:04:14,30111089,1573703,1028224,9.8,28751
2019-10-02 12:04:15,30113616,1573829,1028283,9.8,28753
2019-10-02 13:04:16,30116507,1573973,1028388,9.8,28754
2019-10-02 14:04:17,30119468,1574083,1028481,9.8,28756
2019-10-02 15:04:18,30122324,1574206,1028568,9.8,28756
2019-10-02 16:04:19,30125109,1574315,1028687,9.8,28761
2019-10-02 17:04:19,30127727,1574421,1028774,9.8,28762
2019-10-02 18:04:20,30130373,1574513,1028813,9.8,28762
2019-10-02 19:04:21,30133227,1574622,1028888,9.8,28762
2019-10-02 20:04:23,30136134,1574752,1029023,9.8,28764
2019-10-02 21:04:24,30139035,1574874,1029129,9.8,28764
2019-10-02 22:04:29,30141957,1575002,1029221,9.8,28765
2019-10-02 23:04:31,30145369,1575162,1029303,9.8,28767
2019-10-03 00:04:34,30149053,1575319,1029439,9.8,28768
2019-10-03 01:04:35,30152839,1575500,1029626,9.8,28768
2019-10-03 02:04:35,30155905,1575613,1029709,9.8,28768
2019-10-03 03:04:36,30158043,1575700,1029766,9.8,28768
2019-10-03 04:04:37,30159316,1575744,1029808,9.8,28768
2019-10-03 05:04:38,30160064,1575777,1029829,9.8,28768
2019-10-03 06:04:39,30160567,1575788,1029842,9.8,28769
2019-10-03 07:04:40,30160937,1575800,1029849,9.8,28769
2019-10-03 08:04:41,30161455,1575832,1029894,9.8,28769
2019-10-03 09:04:41,30162376,1575884,1029935,9.8,28769
2019-10-03 10:04:42,30163940,1575970,1029997,9.8,28771
2019-10-03 11:04:44,30166002,1576061,1030042,9.8,28771
2019-10-03 12:04:45,30168675,1576190,1030128,9.8,28773
2019-10-03 13:04:45,30171645,1576324,1030227,9.8,28773
2019-10-03 14:04:46,30174748,1576450,1030383,9.8,28776
2019-10-03 15:04:47,30178003,1576586,1030534,9.8,28779
2019-10-03 16:04:48,30180916,1576703,1030660,9.8,28783
2019-10-03 17:04:49,30183802,1576802,1030739,9.8,28783
2019-10-03 18:04:51,30186744,1576919,1030797,9.8,28784
2019-10-03 19:04:52,30189714,1577070,1030894,9.8,28786
2019-10-03 20:04:54,30192630,1577190,1031047,9.8,28789
2019-10-03 21:04:55,30195709,1577361,1031173,9.8,28791
2019-10-03 22:04:56,30198847,1577525,1031369,9.8,28795
2019-10-03 23:04:57,30202567,1577686,1031507,9.8,28795
2019-10-04 00:04:58,30206553,1577873,1031675,9.8,28795
2019-10-04 01:04:59,30210486,1578033,1031797,9.8,28809
2019-10-04 02:05:00,30213539,1578155,1031909,9.8,28812
2019-10-04 03:05:01,30215790,1578250,1031981,9.8,28812
2019-10-04 04:05:02,30217132,1578300,1032003,9.8,28817
2019-10-04 05:05:02,30217947,1578335,1032019,9.8,28817
2019-10-04 06:05:03,30218482,1578352,1032030,9.8,28817
2019-10-04 07:05:04,30218904,1578360,1032039,9.8,28818
2019-10-04 08:05:05,30219411,1578377,1032050,9.8,28818
2019-10-04 09:05:06,30220413,1578420,1032095,9.8,28818
2019-10-04 10:05:06,30221996,1578499,1032134,9.8,28819
2019-10-04 11:05:07,30224152,1578625,1032172,9.8,28821
2019-10-04 12:05:09,30226785,1578766,1032246,9.8,28822
2019-10-04 13:05:09,30229779,1578890,1032369,9.8,28825
2019-10-04 14:05:10,30233055,1579050,1032474,9.8,28829
2019-10-04 15:05:11,30236473,1579202,1032608,9.8,28830
2019-10-04 16:05:12,30239528,1579343,1032705,9.8,28834
2019-10-04 17:05:13,30242538,1579502,1032839,9.8,28834
2019-10-04 18:05:14,30245571,1579676,1032986,9.8,28837
2019-10-04 19:05:15,30248748,1579842,1033126,9.8,28837
2019-10-04 20:05:16,30251915,1580025,1033289,9.8,28841
2019-10-04 21:05:17,30255254,1580195,1033401,9.8,28847
2019-10-04 22:05:18,30258640,1580370,1033562,9.8,28848
2019-10-04 23:05:19,30262294,1580554,1033677,9.8,28851
2019-10-05 00:05:21,30266476,1580774,1033812,9.8,28851
2019-10-05 01:05:23,30270466,1580929,1033971,9.8,28858
2019-10-05 02:05:24,30273602,1581074,1034136,9.8,28860
2019-10-05 03:05:25,30275717,1581175,1034184,9.8,28862
2019-10-05 04:05:26,30277099,1581234,1034244,9.8,28863
2019-10-05 05:05:27,30277959,1581277,1034260,9.8,28864
2019-10-05 06:05:28,30278427,1581298,1034266,9.8,28865
2019-10-05 07:05:28,30278860,1581318,1034278,9.8,28865
2019-10-05 08:05:29,30279352,1581337,1034294,9.8,28866
2019-10-05 09:05:30,30280278,1581378,1034322,9.8,28867
2019-10-05 10:05:31,30281764,1581430,1034369,9.8,28867
2019-10-05 11:05:32,30283900,1581521,1034437,9.8,28868
2019-10-05 12:05:33,30286425,1581634,1034523,9.8,28869
2019-10-05 13:05:34,30289529,1581758,1034625,9.8,28869
2019-10-05 14:05:35,30292945,1581909,1034775,9.8,28873
2019-10-05 15:05:36,30296302,1582059,1034899,9.8,28873
2019-10-05 16:05:38,30299307,1582201,1035080,9.8,28880
2019-10-05 17:05:40,30302466,1582345,1035234,9.8,28881
2019-10-05 18:05:41,30305679,1582497,1035390,9.8,28884
2019-10-05 19:05:42,30308900,1582651,1035510,9.8,28885
2019-10-05 20:05:44,30312267,1582814,1035639,9.8,28887
2019-10-05 21:05:45,30315759,1583001,1035800,9.8,28891
2019-10-05 22:05:48,30319404,1583200,1035986,9.8,28891
2019-10-05 23:05:50,30323322,1583428,1036115,9.8,28891
2019-10-06 00:05:51,30327586,1583659,1036250,9.8,28898
2019-10-06 01:05:53,30331802,1583870,1036404,9.8,28903
2019-10-06 02:05:55,30335028,1584029,1036539,9.8,28907
2019-10-06 03:05:55,30337365,1584131,1036622,9.8,28908
2019-10-06 04:05:56,30338835,1584219,1036682,9.8,28908
2019-10-06 05:05:57,30339692,1584267,1036702,9.8,28909
2019-10-06 06:05:58,30340184,1584283,1036710,9.8,28910
2019-10-06 07:05:58,30340600,1584300,1036719,9.8,28911
2019-10-06 08:05:59,30341118,1584320,1036726,9.8,28912
2019-10-06 09:06:00,30342160,1584378,1036771,9.8,28913
2019-10-06 10:06:01,30343768,1584468,1036821,9.8,28913
2019-10-06 11:06:02,30346037,1584593,1036917,9.8,28913
2019-10-06 12:06:03,30348659,1584766,1036990,9.8,28914
2019-10-06 13:06:04,30351648,1584943,1037152,9.8,28919
2019-10-06 14:06:05,30354788,1585136,1037303,9.8,28922
2019-10-06 15:06:05,30358158,1585345,1037482,9.8,28923
2019-10-06 16:06:07,30361354,1585531,1037638,9.8,28930
2019-10-06 17:06:07,30364575,1585718,1037818,9.8,28933
2019-10-06 18:06:09,30367874,1585903,1037955,9.8,28937
2019-10-06 19:06:10,30371235,1586095,1038140,9.8,28938
2019-10-06 20:06:10,30374872,1586256,1038296,9.8,28942
2019-10-06 21:06:12,30378641,1586439,1038489,9.8,28948
2019-10-06 22:06:13,30382325,1586624,1038638,9.8,28951
2019-10-06 23:06:14,30386424,1586803,1038807,9.8,28952
2019-10-07 00:06:15,30390884,1586994,1039014,9.8,28955
2019-10-07 01:06:16,30395302,1587197,1039238,9.8,28960
2019-10-07 02:06:17,30398923,1587356,1039372,9.8,28963
2019-10-07 03:06:18,30401441,1587459,1039466,9.8,28965
2019-10-07 04:06:19,30403076,1587527,1039521,9.8,28966
2019-10-07 05:06:19,30404023,1587564,1039540,9.8,28966
2019-10-07 06:06:20,30404630,1587592,1039567,9.8,28968
2019-10-07 07:06:21,30405060,1587604,1039583,9.8,28968
2019-10-07 08:06:22,30405603,1587625,1039595,9.8,28968
2019-10-07 09:06:23,30406553,1587686,1039614,9.8,28969
2019-10-07 10:06:23,30408149,1587763,1039641,9.8,28969
2019-10-07 11:06:24,30410650,1587878,1039717,9.8,28970
2019-10-07 12:06:25,30413634,1588026,1039812,9.8,28971
2019-10-07 13:06:26,30416891,1588189,1039940,9.8,28976
2019-10-07 14:06:26,30420679,1588364,1040123,9.8,28977
2019-10-07 15:06:27,30424331,1588554,1040298,9.8,28981
2019-10-07 16:06:28,30427510,1588688,1040448,9.8,28982
2019-10-07 17:06:29,30430416,1588814,1040531,9.8,28987
2019-10-07 18:06:30,30433211,1588951,1040689,9.8,28988
2019-10-07 19:06:31,30436181,1589074,1040862,9.8,28990
2019-10-07 20:06:32,30439110,1589183,1040953,9.8,28994
2019-10-07 21:06:32,30441866,1589326,1041064,9.8,28995
2019-10-07 22:06:34,30444797,1589479,1041189,9.8,28996
2019-10-07 23:06:35,30448184,1589645,1041377,9.8,28998
2019-10-08 00:06:36,30451804,1589817,1041594,9.8,29000
2019-10-08 01:06:37,30455515,1589996,1041702,9.8,29001
2019-10-08 02:06:38,30457981,1590128,1041777,9.8,29001
2019-10-08 03:06:39,30459480,1590200,1041813,9.8,29002
2019-10-08 04:06:40,30460489,1590253,1041847,9.8,29002
2019-10-08 05:06:41,30461074,1590286,1041862,9.8,29003
2019-10-08 06:06:41,30461574,1590306,1041872,9.8,29003
2019-10-08 07:06:42,30462023,1590322,1041880,9.8,29004
2019-10-08 08:06:43,30462449,1590333,1041890,9.8,29005
2019-10-08 09:06:44,30463045,1590372,1041897,9.8,29005
2019-10-08 10:06:44,30463786,1590412,1041912,9.8,29005
2019-10-08 11:06:45,30464706,1590454,1041930,9.8,29005
2019-10-08 12:06:46,30465830,1590512,1041947,9.8,29005
2019-10-08 13:06:47,30467222,1590580,1041967,9.8,29006
2019-10-08 14:06:48,30469859,1590691,1042062,9.8,29006
2019-10-08 15:06:49,30471765,1590780,1042131,9.8,29006
2019-10-08 16:06:50,30473162,1590840,1042191,9.8,29009
2019-10-08 17:06:50,30474570,1590904,1042215,9.8,29011
2019-10-08 18:06:51,30476060,1590992,1042264,9.8,29014
2019-10-08 19:06:52,30478079,1591078,1042295,9.8,29014
2019-10-08 20:06:53,30480349,1591179,1042343,9.8,29014
2019-10-08 21:06:53,30482620,1591305,1042406,9.8,29016
2019-10-08 22:06:55,30485224,1591442,1042488,9.8,29024
2019-10-08 23:06:56,30488303,1591581,1042559,9.8,29025
2019-10-09 00:06:57,30491934,1591745,1042648,9.8,29029
2019-10-09 01:06:58,30495561,1591932,1042790,9.8,29033
2019-10-09 02:06:58,30498159,1592051,1042852,9.8,29033
2019-10-09 03:06:59,30499677,1592128,1042885,9.8,29033
2019-10-09 04:07:00,30500428,1592159,1042918,9.8,29033
2019-10-09 05:07:01,30500885,1592183,1042937,9.8,29036
2019-10-09 06:07:02,30501222,1592193,1042943,9.8,29036
2019-10-09 07:07:03,30501507,1592202,1042947,9.8,29037
2019-10-09 08:07:04,30501889,1592218,1042959,9.8,29037
2019-10-09 09:07:04,30502470,1592260,1042966,9.8,29037
2019-10-09 10:07:05,30503110,1592291,1042985,9.8,29037
2019-10-09 11:07:06,30503977,1592331,1042999,9.8,29037
2019-10-09 12:07:07,30505000,1592390,1043009,9.8,29037
2019-10-09 13:07:08,30506411,1592450,1043027,9.8,29037
2019-10-09 14:07:09,30509142,1592555,1043084,9.8,29037
2019-10-09 15:07:10,30511180,1592644,1043147,9.8,29037
2019-10-09 16:07:12,30512588,1592719,1043179,9.8,29040
2019-10-09 17:07:13,30513943,1592772,1043199,9.8,29040
2019-10-09 18:07:14,30515473,1592828,1043248,9.8,29040
2019-10-09 19:07:16,30517395,1592902,1043287,9.8,29045
2019-10-09 20:07:17,30519629,1593002,1043353,9.8,29047
2019-10-09 21:07:18,30521911,1593116,1043418,9.8,29050
2019-10-09 22:07:20,30524431,1593238,1043541,9.8,29050
2019-10-09 23:07:21,30527218,1593373,1043648,9.8,29050
2019-10-10 00:07:22,30530677,1593525,1043764,9.8,29056
2019-10-10 01:07:23,30533899,1593695,1043889,9.8,29056
2019-10-10 02:07:24,30536368,1593818,1043956,9.8,29062
2019-10-10 03:07:25,30537806,1593886,1044000,9.8,29064
2019-10-10 04:07:25,30538556,1593904,1044031,9.8,29067
2019-10-10 05:07:26,30539031,1593920,1044049,9.8,29067
2019-10-10 06:07:27,30539337,1593937,1044058,9.8,29067
2019-10-10 07:07:28,30539613,1593948,1044063,9.8,29067
2019-10-10 08:07:29,30540015,1593975,1044066,9.8,29067
2019-10-10 09:07:30,30540548,1594004,1044073,9.8,29067
2019-10-10 10:07:31,30541222,1594046,1044082,9.8,29068
2019-10-10 11:07:32,30542037,1594105,1044093,9.8,29069
2019-10-10 12:07:33,30543111,1594169,1044115,9.8,29069
2019-10-10 13:07:34,30544566,1594239,1044139,9.8,29069
2019-10-10 14:07:35,30547155,1594357,1044231,9.8,29072
2019-10-10 15:07:36,30549038,1594458,1044290,9.8,29074
2019-10-10 16:07:37,30550188,1594505,1044342,9.8,29075
2019-10-10 17:07:38,30551485,1594576,1044396,9.8,29078
2019-10-10 18:07:39,30552958,1594662,1044434,9.8,29080
2019-10-10 19:07:40,30554741,1594760,1044484,9.8,29081
2019-10-18 15:09:32,30835230,1606613,1052307,9.8,29291
2019-10-18 16:09:33,30836612,1606680,1052340,9.8,29292
2019-10-18 17:09:33,30838129,1606760,1052365,9.8,29292
2019-10-18 18:09:34,30839865,1606872,1052398,9.8,29293
2019-10-18 19:09:34,30841891,1606978,1052435,9.8,29294
2019-10-18 20:09:34,30844022,1607084,1052490,9.8,29297
2019-10-18 21:09:34,30846359,1607190,1052581,9.8,29297
2019-10-18 22:09:35,30848787,1607308,1052634,9.8,29302
2019-10-18 23:09:35,30851376,1607445,1052686,9.8,29302
2019-10-19 00:09:35,30854496,1607599,1052739,9.8,29306
2019-10-19 01:09:35,30857556,1607738,1052824,9.8,29306
2019-10-19 02:09:36,30860126,1607856,1052917,9.8,29306
2019-10-19 03:09:36,30861708,1607906,1052993,9.8,29310
2019-10-19 04:09:36,30862756,1607959,1053008,9.8,29311
2019-10-19 05:09:36,30863380,1607971,1053012,9.8,29311
2019-10-19 06:09:37,30863780,1607988,1053016,9.8,29311
2019-10-19 07:09:37,30864080,1607994,1053017,9.8,29311
2019-10-19 08:09:37,30864529,1608011,1053026,9.8,29311
2019-10-19 09:09:37,30865265,1608041,1053046,9.8,29312
2019-10-19 10:09:37,30866387,1608099,1053063,9.8,29313
2019-10-19 11:09:38,30868124,1608182,1053105,9.8,29313
2019-10-19 12:09:38,30869991,1608282,1053151,9.8,29314
2019-10-19 13:09:39,30872278,1608392,1053192,9.8,29315
2019-10-19 14:09:39,30875065,1608526,1053278,9.8,29321
2019-10-19 15:09:39,30877687,1608617,1053337,9.8,29322
2019-10-19 16:09:40,30880050,1608739,1053406,9.8,29324
2019-10-19 17:09:40,30882313,1608824,1053480,9.8,29324
2019-10-19 18:09:40,30884713,1608956,1053542,9.8,29329
2019-10-19 19:09:40,30887196,1609071,1053588,9.8,29331
2019-10-19 20:09:41,30889841,1609193,1053655,9.8,29335
2019-10-19 21:09:41,30892472,1609331,1053779,9.8,29336
2019-10-19 22:09:41,30895075,1609444,1053864,9.8,29337
2019-10-19 23:09:41,30898168,1609583,1053972,9.8,29341
2019-10-20 00:09:42,30901510,1609746,1054077,9.8,29343
2019-10-20 01:09:42,30904725,1609901,1054168,9.8,29346
2019-10-20 02:09:42,30907146,1610011,1054256,9.8,29347
2019-10-20 03:09:42,30908768,1610081,1054290,9.8,29347
2019-10-20 04:09:42,30910025,1610130,1054401,9.8,29347
2019-10-20 05:09:43,30910812,1610167,1054448,9.8,29351
2019-10-20 06:09:43,30911271,1610180,1054454,9.8,29351
2019-10-20 07:09:43,30911610,1610195,1054457,9.8,29351
2019-10-20 08:09:44,30911995,1610205,1054462,9.8,29351
2019-10-20 09:09:44,30912683,1610229,1054476,9.8,29351
2019-10-20 10:09:44,30913886,1610297,1054499,9.8,29351
2019-10-20 11:09:44,30915703,1610379,1054555,9.8,29351
2019-10-20 12:09:45,30917905,1610470,1054659,9.8,29353
2019-10-20 13:09:45,30920586,1610580,1054736,9.8,29355
2019-10-20 14:09:45,30923569,1610710,1054812,9.8,29356
2019-10-20 15:09:45,30926345,1610829,1054878,9.8,29358
2019-10-20 16:09:46,30928853,1610913,1054936,9.8,29359
2019-10-20 17:09:46,30931281,1611008,1054995,9.8,29359
2019-10-20 18:09:47,30933705,1611076,1055054,9.8,29359
2019-10-20 19:09:48,30936060,1611165,1055139,9.8,29362
2019-10-20 20:09:49,30938513,1611234,1055202,9.8,29363
2019-10-20 21:09:49,30940856,1611336,1055261,9.8,29365
2019-10-20 22:09:49,30943116,1611440,1055326,9.8,29367
2019-10-20 23:09:49,30945890,1611568,1055372,9.8,29367
2019-10-21 00:09:50,30948927,1611679,1055490,9.8,29370
2019-10-21 01:09:50,30951879,1611808,1055540,9.8,29371
2019-10-21 02:09:50,30953920,1611884,1055567,9.8,29372
2019-10-21 03:09:50,30955160,1611937,1055583,9.8,29372
2019-10-21 04:09:51,30955977,1611969,1055600,9.8,29372
2019-10-21 05:09:51,30956480,1611990,1055612,9.8,29372
2019-10-21 06:09:51,30956845,1612004,1055615,9.8,29372
2019-10-21 07:09:51,30957133,1612012,1055619,9.8,29373
2019-10-21 08:09:52,30957515,1612020,1055628,9.8,29374
2019-10-21 09:09:52,30958046,1612037,1055632,9.8,29375
2019-10-21 10:09:52,30958765,1612064,1055640,9.8,29375
2019-10-21 11:09:52,30959548,1612102,1055650,9.8,29375
2019-10-21 12:09:53,30960540,1612150,1055669,9.8,29375
2019-10-21 13:09:53,30961827,1612196,1055697,9.8,29376
2019-10-21 14:09:53,30964168,1612265,1055747,9.8,29376
2019-10-21 15:09:54,30965730,1612325,1055784,9.8,29380
2019-10-21 16:09:54,30966734,1612355,1055819,9.8,29380
2019-10-21 17:09:54,30967768,1612392,1055849,9.8,29382
2019-10-21 18:09:54,30969038,1612435,1055868,9.8,29384
2019-10-21 19:09:54,30970724,1612488,1055891,9.8,29388
2019-10-21 20:09:55,30972839,1612580,1055949,9.8,29388
2019-10-21 21:09:55,30974981,1612693,1055998,9.8,29391
2019-10-21 22:09:55,30977329,1612795,1056059,9.8,29391
2019-10-21 23:09:55,30980025,1612897,1056157,9.8,29395
2019-10-22 00:09:56,30983440,1613055,1056246,9.8,29397
2019-10-22 01:09:56,30986559,1613195,1056364,9.8,29398
2019-10-22 02:09:57,30988802,1613296,1056429,9.8,29398
2019-10-22 03:09:57,30990187,1613332,1056451,9.8,29400
2019-10-22 04:00:12,30990876,1613355,1056464,9.8,29402
2019-10-22 05:00:19,30991404,1613381,1056486,9.8,29402
2019-10-22 06:00:25,30991767,1613392,1056497,9.8,29402
2019-10-22 07:00:31,30992066,1613398,1056504,9.8,29402
2019-10-22 08:00:38,30992420,1613416,1056508,9.8,29403
2019-10-22 09:00:44,30992925,1613443,1056523,9.8,29403
2019-10-22 10:00:50,30993615,1613480,1056538,9.8,29403
2019-10-22 11:00:56,30994434,1613523,1056555,9.8,29403
2019-10-22 12:01:03,30995420,1613575,1056574,9.8,29403
2019-10-22 13:01:09,30996715,1613634,1056590,9.8,29403
2019-10-22 14:01:15,30999185,1613709,1056647,9.8,29405
2019-10-22 15:01:21,31000803,1613797,1056681,9.8,29405
2019-10-22 16:01:28,31001985,1613837,1056697,9.8,29406
2019-10-22 17:01:34,31003162,1613879,1056716,9.8,29406
2019-10-22 18:01:40,31004434,1613931,1056752,9.8,29406
2019-10-22 19:01:46,31005979,1613987,1056793,9.8,29406
2019-10-22 20:01:53,31007892,1614077,1056857,9.8,29406
2019-10-22 21:01:59,31009899,1614153,1056901,9.8,29408
2019-10-22 22:02:05,31011946,1614242,1056941,9.8,29413
2019-10-22 23:02:12,31014465,1614345,1056997,9.8,29414
2019-10-23 00:02:18,31017736,1614492,1057092,9.8,29416
2019-10-23 01:02:24,31020956,1614626,1057203,9.8,29422
2019-10-23 02:02:30,31023354,1614726,1057269,9.8,29422
2019-10-23 03:02:36,31024793,1614781,1057337,9.8,29425
2019-10-23 10:24:44,31028525,1614899,1057445,9.8,29427
2019-10-23 11:24:50,31029372,1614932,1057487,9.8,29428
2019-10-23 12:24:56,31030346,1614970,1057515,9.8,29430
2019-10-23 13:25:03,31031981,1615021,1057555,9.8,29430
2019-10-23 14:25:09,31033931,1615103,1057637,9.8,29430
2019-10-23 15:25:15,31035219,1615170,1057674,9.8,29430
2019-10-23 16:25:21,31036298,1615208,1057709,9.8,29431
2019-10-23 17:25:27,31037433,1615258,1057756,9.8,29433
2019-10-23 18:25:34,31038891,1615308,1057787,9.8,29433
2019-10-23 19:25:40,31040673,1615364,1057815,9.8,29433
2019-10-23 20:25:46,31042484,1615435,1057859,9.8,29433
2019-10-23 21:25:52,31044354,1615518,1057889,9.8,29435
2019-10-23 22:25:59,31046474,1615607,1057935,9.8,29437
2019-10-23 23:26:05,31048913,1615719,1057973,9.8,29438
2019-10-24 00:26:12,31051749,1615842,1058066,9.8,29440
2019-10-24 01:26:18,31054187,1615952,1058128,9.8,29442
2019-10-24 02:26:24,31056013,1616010,1058155,9.8,29442
2019-10-24 03:26:31,31057151,1616037,1058187,9.8,29442
2019-10-24 04:26:37,31057745,1616062,1058197,9.8,29443
2019-10-24 05:26:44,31058141,1616078,1058204,9.8,29444
2019-10-24 06:26:50,31058397,1616092,1058208,9.8,29445
2019-10-24 07:26:57,31058651,1616106,1058211,9.8,29445
2019-10-24 08:27:03,31059024,1616118,1058214,9.8,29445
2019-10-24 09:27:09,31059546,1616137,1058217,9.8,29445
2019-10-24 10:27:15,31060180,1616172,1058221,9.8,29445
2019-10-24 11:27:22,31060999,1616204,1058239,9.8,29445
2019-10-24 12:27:28,31061883,1616241,1058271,9.8,29445
2019-10-24 13:27:34,31063380,1616299,1058295,9.8,29446
2019-10-24 14:27:40,31065329,1616377,1058365,9.8,29449
2019-10-24 15:27:47,31066653,1616420,1058409,9.8,29449
2019-10-24 16:27:53,31067716,1616473,1058435,9.8,29449
2019-10-24 17:27:59,31068810,1616512,1058456,9.8,29451
2019-10-24 18:28:06,31070054,1616560,1058481,9.8,29452
2019-10-24 19:28:12,31071602,1616621,1058531,9.8,29453
2019-10-24 20:28:18,31073327,1616689,1058588,9.8,29454
2019-10-24 21:28:25,31075135,1616759,1058631,9.8,29455
2019-10-24 22:28:31,31077253,1616843,1058668,9.8,29455
2019-10-24 23:28:37,31079683,1616954,1058724,9.8,29457
2019-10-25 00:28:43,31082585,1617059,1058793,9.8,29459
2019-10-25 01:28:50,31085206,1617170,1058857,9.8,29461
2019-10-25 02:28:56,31087031,1617262,1058900,9.8,29463
2019-10-25 03:29:02,31088045,1617304,1058923,9.8,29463
2019-10-25 04:29:08,31088646,1617323,1058934,9.8,29463
2019-10-25 05:29:15,31089041,1617334,1058951,9.8,29466
2019-10-25 06:29:21,31089305,1617341,1058959,9.8,29467
2019-10-25 07:29:27,31089605,1617361,1058962,9.8,29467
2019-10-25 08:29:33,31090031,1617377,1058972,9.8,29467
2019-10-25 09:29:40,31090559,1617408,1058991,9.8,29467
2019-10-25 10:29:46,31091265,1617445,1059011,9.8,29467
2019-10-25 11:29:52,31092038,1617494,1059043,9.8,29469
2019-10-25 12:29:58,31093035,1617528,1059100,9.8,29469
2019-10-25 13:30:05,31094538,1617575,1059135,9.8,29470
2019-10-25 14:30:11,31096463,1617642,1059199,9.8,29470
2019-10-25 15:30:17,31097812,1617699,1059257,9.8,29475
2019-10-25 16:30:23,31099045,1617757,1059294,9.8,29475
2019-10-25 17:30:30,31100312,1617799,1059326,9.8,29477
2019-10-25 18:30:36,31101814,1617850,1059356,9.8,29477
2019-10-25 19:30:42,31103709,1617933,1059391,9.8,29478
2019-10-25 20:30:48,31105936,1618015,1059442,9.8,29479
2019-10-25 21:30:55,31108085,1618109,1059513,9.8,29482
2019-10-25 22:31:01,31110499,1618207,1059595,9.8,29482
2019-10-25 23:31:07,31113295,1618330,1059659,9.8,29487
2019-10-26 00:31:13,31116208,1618459,1059721,9.8,29489
2019-10-26 01:31:20,31118921,1618567,1059780,9.8,29489
2019-10-26 02:31:26,31121095,1618655,1059816,9.8,29491
2019-10-26 03:31:32,31122423,1618706,1059854,9.8,29492
2019-10-26 04:31:38,31123307,1618749,1059880,9.8,29493
2019-10-26 05:31:45,31123789,1618765,1059894,9.8,29493
2019-10-26 06:31:51,31124104,1618777,1059897,9.8,29494
2019-10-26 07:31:57,31124405,1618783,1059903,9.8,29494
2019-10-26 08:32:03,31124886,1618804,1059908,9.8,29494
2019-10-26 09:32:10,31125612,1618834,1059945,9.8,29494
2019-10-26 10:32:16,31126801,1618898,1059970,9.8,29494
2019-10-26 11:32:22,31128255,1618949,1059995,9.8,29495
2019-10-26 12:32:29,31129975,1619009,1060035,9.8,29495
2019-10-26 13:32:35,31132214,1619086,1060102,9.8,29499
2019-10-26 14:32:41,31134676,1619201,1060145,9.8,29499
2019-10-26 15:32:47,31136744,1619293,1060248,9.8,29507
2019-10-26 16:32:54,31138758,1619364,1060299,9.8,29508
2019-10-26 17:33:00,31140906,1619461,1060343,9.8,29511
2019-10-26 18:33:07,31143135,1619561,1060411,9.8,29520
2019-10-26 19:33:13,31145396,1619657,1060501,9.8,29521
2019-10-26 20:33:19,31147522,1619778,1060574,9.8,29522
2019-10-26 21:33:26,31150417,1619920,1060685,9.8,29526
2019-10-26 22:33:32,31152900,1620042,1060769,9.8,29530
2019-10-26 23:33:38,31156606,1620247,1060900,9.8,29531
2019-10-27 00:33:44,31160105,1620438,1060987,9.8,29536
2019-10-27 11:23:55,31173951,1621049,1061344,9.8,29545
2019-10-27 12:24:01,31176167,1621145,1061411,9.8,29546
2019-10-27 13:24:08,31179286,1621284,1061510,9.8,29546
2019-10-27 13:58:12,31180773,1621352,1061561,9.8,29549
2019-10-27 14:58:18,31183770,1621477,1061626,9.8,29550
2019-10-27 15:58:24,31186432,1621599,1061680,9.8,29550
2019-10-27 16:58:31,31189208,1621690,1061810,9.8,29550
2019-10-27 17:58:37,31191855,1621804,1061890,9.8,29551
2019-10-27 18:58:44,31194362,1621919,1061971,9.8,29554
2019-10-27 19:58:50,31196860,1622016,1062023,9.8,29554
2019-10-27 20:58:56,31199107,1622102,1062068,9.8,29555
2019-10-27 21:59:02,31201383,1622193,1062127,9.8,29555
2019-10-27 22:59:09,31203896,1622311,1062220,9.8,29558
2019-10-27 23:59:15,31206867,1622443,1062339,9.8,29560
2019-10-28 00:59:21,31210077,1622585,1062420,9.8,29564
2019-10-28 01:59:27,31212394,1622680,1062463,9.8,29566
2019-10-28 02:59:34,31213734,1622744,1062516,9.8,29567
2019-10-28 03:59:40,31214630,1622784,1062540,9.8,29568
2019-10-28 04:59:46,31215240,1622800,1062557,9.8,29568
2019-10-28 05:59:52,31215679,1622813,1062562,9.8,29568
2019-10-28 06:59:59,31216003,1622818,1062566,9.8,29568
2019-10-28 08:00:05,31216388,1622834,1062572,9.8,29568
2019-10-28 09:00:11,31216902,1622859,1062583,9.8,29570
2019-10-28 10:00:17,31217480,1622893,1062598,9.8,29570
2019-10-28 11:00:23,31218275,1622939,1062607,9.8,29570
2019-10-28 12:00:30,31219152,1622986,1062615,9.8,29571
2019-10-28 13:00:36,31220436,1623052,1062636,9.8,29571
2019-10-28 14:00:42,31222841,1623140,1062762,9.8,29571
2019-10-28 15:00:48,31224630,1623243,1062827,9.8,29574
2019-10-28 16:00:55,31225920,1623308,1062876,9.8,29574
2019-10-28 17:01:01,31227276,1623366,1062889,9.8,29575
2019-10-28 18:01:07,31228680,1623436,1062898,9.8,29577
2019-10-28 19:01:14,31230426,1623488,1062924,9.8,29578
2019-10-28 20:01:20,31232576,1623575,1062975,9.8,29579
2019-10-28 21:01:26,31234736,1623659,1063030,9.8,29583
2019-10-28 22:01:32,31237040,1623752,1063096,9.8,29583
2019-10-28 23:01:38,31239753,1623882,1063177,9.8,29586
2019-10-29 00:01:45,31243096,1624039,1063268,9.8,29586
2019-10-29 01:01:51,31246422,1624178,1063396,9.8,29592
2019-10-29 02:01:57,31248837,1624280,1063455,9.8,29594
2019-10-29 03:02:03,31250358,1624341,1063480,9.8,29596
2019-10-29 04:02:10,31251184,1624372,1063498,9.8,29596
2019-10-29 05:02:16,31251717,1624397,1063506,9.8,29596
2019-10-29 06:02:22,31252135,1624407,1063511,9.8,29597
2019-10-29 07:02:28,31252458,1624413,1063514,9.8,29597
2019-10-29 08:02:35,31252851,1624424,1063514,9.8,29597
2019-10-29 09:02:41,31253374,1624460,1063517,9.8,29597
2019-10-29 10:02:47,31254130,1624503,1063522,9.8,29597
2019-10-29 11:02:53,31254958,1624546,1063532,9.8,29597
2019-10-29 12:02:59,31255957,1624592,1063554,9.8,29597
2019-10-29 13:03:06,31257250,1624634,1063581,9.8,29600
2019-10-29 14:03:12,31259579,1624728,1063616,9.8,29600
2019-10-29 15:03:18,31261254,1624815,1063661,9.8,29603
2019-10-29 16:03:24,31262445,1624878,1063672,9.8,29606
2019-10-29 17:03:31,31263738,1624921,1063690,9.8,29606
2019-10-29 18:03:37,31265078,1624969,1063714,9.8,29606
2019-10-29 19:03:43,31266766,1625047,1063761,9.8,29606
2019-10-29 20:03:49,31268747,1625134,1063803,9.8,29606
2019-10-29 21:03:56,31270767,1625225,1063843,9.8,29606
2019-10-29 22:04:02,31273023,1625321,1063898,9.8,29614
2019-10-29 23:04:08,31275643,1625440,1063945,9.8,29614
2019-10-30 00:04:14,31279135,1625612,1064012,9.8,29621
2019-10-30 01:04:21,31282807,1625815,1064087,9.8,29621
2019-10-30 02:04:27,31285468,1625969,1064133,9.8,29632
2019-10-30 03:04:33,31287086,1626043,1064161,9.8,29636
2019-10-30 04:04:39,31288002,1626086,1064190,9.8,29636
2019-10-30 05:04:46,31288531,1626114,1064202,9.8,29636
2019-10-30 06:04:52,31288875,1626131,1064207,9.8,29636
2019-10-30 07:04:58,31289181,1626148,1064209,9.8,29636
2019-10-30 08:05:04,31289601,1626189,1064209,9.8,29637
2019-10-30 09:05:10,31290233,1626233,1064227,9.8,29637
2019-10-30 10:05:17,31291188,1626311,1064241,9.8,29638
2019-10-30 11:05:23,31292252,1626397,1064255,9.8,29638
2019-10-30 12:05:29,31293463,1626491,1064272,9.8,29639
2019-10-30 13:05:36,31295188,1626606,1064292,9.8,29640
2019-10-30 14:05:42,31297770,1626747,1064316,9.8,29642
2019-10-30 15:05:48,31299716,1626837,1064341,9.8,29643
2019-10-30 16:05:54,31301077,1626908,1064364,9.8,29646
2019-10-30 17:06:01,31302402,1626978,1064384,9.8,29646
2019-10-30 18:06:07,31303902,1627074,1064421,9.8,29648
2019-10-30 19:06:13,31305784,1627187,1064460,9.8,29652
2019-10-30 20:06:19,31308001,1627300,1064517,9.8,29653
2019-10-30 21:06:26,31310129,1627436,1064563,9.8,29654
2019-10-30 22:06:32,31312614,1627562,1064622,9.8,29654
2019-10-30 23:06:39,31315280,1627691,1064659,9.8,29655
2019-10-31 00:06:45,31318445,1627841,1064738,9.8,29655
2019-10-31 01:06:51,31321457,1628006,1064807,9.8,29659
2019-10-31 02:06:57,31323616,1628114,1064844,9.8,29661
2019-10-31 03:07:03,31324956,1628175,1064858,9.8,29661
2019-10-31 04:07:10,31325758,1628208,1064884,9.8,29661
2019-10-31 05:07:16,31326253,1628224,1064891,9.8,29661
2019-10-31 06:07:22,31326579,1628234,1064895,9.8,29661
2019-10-31 07:07:28,31326852,1628242,1064895,9.8,29661
2019-10-31 08:07:35,31327171,1628258,1064901,9.8,29661
2019-10-31 09:07:41,31327697,1628281,1064903,9.8,29662
2019-10-31 10:07:47,31328329,1628302,1064915,9.8,29662
2019-10-31 11:07:53,31329238,1628348,1064932,9.8,29662
2019-10-31 12:08:00,31330191,1628380,1064943,9.8,29664
2019-10-31 23:07:54,31348979,1629229,1065329,9.8,29678
2019-11-01 00:08:00,31351971,1629378,1065390,9.8,29679
2019-11-01 03:26:10,31358747,1629676,1065530,9.8,29690
2019-11-01 03:37:30,31358905,1629683,1065531,9.8,29690
2019-11-01 04:37:43,31359568,1629714,1065537,9.8,29691
2019-11-01 05:37:56,31359951,1629725,1065538,9.8,29691
2019-11-01 06:38:09,31360209,1629735,1065540,9.8,29691
2019-11-01 07:38:21,31360499,1629747,1065547,9.8,29692
2019-11-01 08:38:34,31360927,1629771,1065562,9.8,29692
2019-11-01 09:38:47,31361504,1629806,1065579,9.8,29692
2019-11-01 10:38:59,31362306,1629833,1065601,9.8,29693
2019-11-01 11:39:12,31363266,1629878,1065633,9.8,29694
2019-11-01 12:39:25,31364456,1629934,1065665,9.8,29695
2019-11-01 13:39:37,31366385,1630002,1065704,9.8,29696
2019-11-01 14:39:50,31368394,1630102,1065746,9.8,29698
2019-11-01 15:40:03,31369684,1630163,1065763,9.8,29698
2019-11-01 16:40:15,31370940,1630217,1065777,9.8,29698
2019-11-01 17:40:28,31372259,1630287,1065792,9.8,29699
2019-11-01 18:40:41,31373864,1630364,1065809,9.8,29700
2019-11-01 19:40:54,31375913,1630462,1065835,9.8,29701
2019-11-01 20:41:06,31378359,1630552,1065882,9.8,29701
2019-11-01 21:41:19,31380818,1630682,1065939,9.8,29704
2019-11-01 22:41:31,31383230,1630795,1065980,9.8,29704
2019-11-01 23:41:44,31386486,1630956,1066065,9.8,29707
2019-11-02 00:41:56,31389698,1631091,1066155,9.8,29711
2019-11-02 01:42:09,31392952,1631218,1066221,9.8,29711
2019-11-02 02:42:22,31395229,1631316,1066252,9.8,29713
2019-11-02 03:42:35,31396608,1631370,1066273,9.8,29714
2019-11-02 04:42:47,31397469,1631408,1066304,9.8,29714
2019-11-02 05:43:00,31397971,1631424,1066313,9.8,29715
2019-11-02 06:43:13,31398362,1631434,1066316,9.8,29715
2019-11-02 07:43:26,31398719,1631448,1066321,9.8,29715
2019-11-02 08:43:38,31399414,1631481,1066329,9.8,29716
2019-11-02 09:43:51,31400484,1631528,1066341,9.8,29716
2019-11-02 10:44:04,31402000,1631594,1066389,9.8,29716
2019-11-02 11:44:16,31403898,1631681,1066414,9.8,29716
2019-11-02 12:44:29,31406055,1631779,1066454,9.8,29716
2019-11-02 13:44:41,31408742,1631894,1066487,9.8,29719
2019-11-02 14:44:54,31411608,1632020,1066566,9.8,29721
2019-11-02 15:45:06,31414125,1632140,1066646,9.8,29728
2019-11-02 16:45:19,31416444,1632229,1066687,9.8,29732
2019-11-02 17:45:32,31418690,1632338,1066716,9.8,29735
2019-11-02 18:45:44,31421096,1632437,1066761,9.8,29737
2019-11-02 19:45:57,31423898,1632576,1066825,9.8,29740
2019-11-02 20:46:09,31426444,1632700,1066880,9.8,29740
2019-11-02 21:46:22,31429011,1632836,1066937,9.8,29748
2019-11-02 22:46:34,31431762,1633005,1067017,9.8,29749
2019-11-02 23:46:47,31434806,1633144,1067074,9.8,29749
2019-11-03 00:46:59,31438655,1633301,1067201,9.8,29749
2019-11-03 01:47:12,31441924,1633449,1067257,9.8,29756
2019-11-03 02:47:24,31444346,1633548,1067299,9.8,29759
2019-11-03 03:47:37,31446068,1633618,1067324,9.8,29762
2019-11-03 04:47:49,31447073,1633642,1067343,9.8,29763
2019-11-03 05:48:02,31447679,1633657,1067346,9.8,29763
2019-11-03 06:48:15,31448069,1633668,1067349,9.8,29764
2019-11-03 07:48:28,31448467,1633681,1067352,9.8,29766
2019-11-03 08:48:41,31449087,1633698,1067353,9.8,29768
2019-11-03 09:48:53,31450216,1633740,1067378,9.8,29769
2019-11-03 10:49:06,31451990,1633827,1067410,9.8,29769
2019-11-03 11:49:19,31454192,1633903,1067437,9.8,29770
2019-11-03 12:49:32,31456811,1634029,1067490,9.8,29770
2019-11-03 13:49:45,31460140,1634157,1067592,9.8,29772
2019-11-03 14:49:57,31463489,1634316,1067642,9.8,29774
2019-11-03 15:50:10,31466444,1634426,1067713,9.8,29778
2019-11-03 16:50:22,31469338,1634560,1067792,9.8,29779
2019-11-03 17:50:35,31472089,1634676,1067916,9.8,29781
2019-11-03 18:50:48,31475115,1634812,1068042,9.8,29781
2019-11-03 19:51:00,31477995,1634957,1068109,9.8,29784
2019-11-03 20:51:13,31480503,1635076,1068192,9.8,29784
2019-11-03 21:51:26,31483055,1635199,1068286,9.8,29790
2019-11-03 22:51:38,31485790,1635311,1068392,9.8,29793
2019-11-03 23:51:51,31488730,1635437,1068514,9.8,29794
2019-11-04 00:52:04,31492636,1635611,1068612,9.8,29797
2019-11-04 01:52:16,31495722,1635765,1068685,9.8,29798
2019-11-04 02:52:29,31497762,1635864,1068710,9.8,29800
2019-11-04 03:52:42,31499012,1635911,1068745,9.8,29803
2019-11-04 04:52:54,31499784,1635931,1068757,9.8,29803
2019-11-04 05:53:07,31500261,1635948,1068782,9.8,29803
2019-11-04 06:53:19,31500662,1635956,1068806,9.8,29805
2019-11-04 07:53:32,31501085,1635972,1068809,9.8,29805
2019-11-04 08:53:45,31501684,1636004,1068819,9.8,29805
2019-11-04 09:53:57,31502374,1636028,1068825,9.8,29805
2019-11-04 10:54:10,31503373,1636084,1068841,9.8,29805
2019-11-04 11:54:22,31504471,1636149,1068856,9.8,29805
2019-11-04 12:54:35,31506020,1636207,1068870,9.8,29805
2019-11-04 13:54:47,31508654,1636307,1068899,9.8,29809
2019-11-04 14:55:00,31510832,1636404,1068968,9.8,29811
2019-11-04 15:55:13,31512396,1636463,1068987,9.8,29814
2019-11-04 16:55:25,31513882,1636531,1069025,9.8,29816
2019-11-04 17:55:38,31515500,1636622,1069042,9.8,29817
2019-11-04 18:55:51,31517506,1636685,1069090,9.8,29817
2019-11-04 19:56:03,31520008,1636815,1069135,9.8,29819
2019-11-04 20:56:16,31522679,1636937,1069221,9.8,29819
2019-11-04 21:56:29,31525492,1637066,1069300,9.8,29825
2019-11-04 22:56:41,31528821,1637225,1069396,9.8,29828
2019-11-04 23:56:54,31532720,1637400,1069525,9.8,29828
2019-11-05 00:57:06,31536610,1637581,1069614,9.8,29832
2019-11-05 01:57:19,31539732,1637733,1069699,9.8,29834
2019-11-05 02:57:32,31541483,1637832,1069744,9.8,29835
2019-11-05 03:57:44,31542634,1637871,1069758,9.8,29835
2019-11-05 04:57:57,31543337,1637904,1069770,9.8,29836
2019-11-05 05:58:10,31543740,1637915,1069774,9.8,29836
2019-11-05 06:58:22,31544091,1637931,1069784,9.8,29837
2019-11-05 07:58:35,31544495,1637945,1069794,9.8,29837
2019-11-05 08:58:48,31545117,1637979,1069798,9.8,29838
2019-11-05 09:59:00,31545967,1638012,1069815,9.8,29839
2019-11-05 10:59:13,31546978,1638080,1069837,9.8,29841
2019-11-05 11:59:25,31548143,1638125,1069858,9.8,29841
2019-11-05 12:59:38,31549814,1638188,1069879,9.8,29843
2019-11-05 13:59:50,31552768,1638291,1069925,9.8,29845
2019-11-05 15:00:03,31554935,1638388,1069975,9.8,29849
2019-11-05 16:00:15,31556432,1638441,1069986,9.8,29850
2019-11-05 17:00:28,31557885,1638507,1070005,9.8,29852
2019-11-05 18:00:40,31559595,1638606,1070044,9.8,29856
2019-11-05 19:00:53,31561688,1638684,1070092,9.8,29856
2019-11-05 20:01:06,31564310,1638817,1070144,9.8,29858
2019-11-05 21:01:18,31566872,1638922,1070211,9.8,29861
2019-11-05 22:01:32,31569445,1639044,1070280,9.8,29866
2019-11-05 23:01:44,31572739,1639182,1070341,9.8,29866
2019-11-06 00:01:57,31576623,1639357,1070444,9.8,29867
2019-11-06 01:02:09,31581009,1639545,1070559,9.8,29869
2019-11-06 02:02:22,31584063,1639643,1070652,9.8,29869
2019-11-06 03:02:35,31585873,1639717,1070682,9.8,29870
2019-11-06 04:02:48,31586881,1639762,1070704,9.8,29870
2019-11-06 05:03:00,31587501,1639794,1070716,9.8,29871
2019-11-06 06:03:13,31587943,1639805,1070739,9.8,29872
2019-11-06 07:03:26,31588297,1639812,1070748,9.8,29872
2019-11-06 08:03:39,31588691,1639825,1070760,9.8,29873
2019-11-06 09:03:51,31589401,1639844,1070766,9.8,29873
2019-11-06 10:04:04,31590192,1639875,1070783,9.8,29874
2019-11-06 11:04:16,31591251,1639909,1070808,9.8,29874
2019-11-06 12:04:29,31592425,1639957,1070835,9.8,29874
2019-11-06 13:04:42,31594230,1640033,1070867,9.8,29877
2019-11-06 14:04:55,31597034,1640123,1070943,9.8,29880
2019-11-06 15:05:07,31599068,1640190,1071008,9.8,29880
2019-11-06 16:05:20,31600463,1640258,1071033,9.8,29884
2019-11-06 17:05:33,31601905,1640313,1071052,9.8,29885
2019-11-06 18:05:45,31603567,1640374,1071109,9.8,29890
2019-11-06 19:05:58,31605759,1640452,1071166,9.8,29892
2019-11-06 20:06:10,31608346,1640541,1071255,9.8,29892
2019-11-06 21:06:23,31610813,1640634,1071325,9.8,29893
2019-11-06 22:06:36,31613546,1640706,1071392,9.8,29898
2019-11-06 23:06:48,31616792,1640839,1071511,9.8,29904
2019-11-07 00:07:01,31620641,1641001,1071611,9.8,29912
2019-11-07 01:07:14,31624320,1641183,1071710,9.8,29913
2019-11-07 02:07:26,31627099,1641308,1071766,9.8,29919
2019-11-07 03:07:39,31628694,1641378,1071802,9.8,29921
2019-11-07 04:07:52,31629608,1641419,1071814,9.8,29921
2019-11-07 05:08:05,31630216,1641436,1071821,9.8,29922
2019-11-07 06:08:18,31630605,1641449,1071829,9.8,29923
2019-11-07 07:08:30,31630926,1641461,1071840,9.8,29923
2019-11-07 08:08:43,31631311,1641482,1071848,9.8,29923
2019-11-07 09:08:56,31631974,1641554,1071861,9.8,29923
2019-11-07 10:09:09,31632810,1641630,1071873,9.8,29923
2019-11-07 11:09:21,31633842,1641759,1071893,9.8,29925
2019-11-07 12:09:34,31635166,1641878,1071914,9.8,29926
2019-11-07 13:09:46,31636914,1642058,1071942,9.8,29926
2019-11-07 14:09:59,31639834,1642356,1072000,9.8,29928
2019-11-07 15:10:12,31641881,1642528,1072051,9.8,29930
2019-11-07 16:10:24,31643361,1642601,1072071,9.8,29931
2019-11-07 17:10:38,31644875,1642666,1072130,9.8,29934
2019-11-07 18:10:50,31646676,1642774,1072177,9.8,29936
2019-11-07 19:11:03,31648969,1642934,1072223,9.8,29936
2019-11-07 20:11:16,31651617,1643108,1072299,9.8,29939
2019-11-07 21:11:28,31653987,1643223,1072337,9.8,29940
2019-11-07 22:11:41,31656615,1643359,1072431,9.8,29946
2019-11-07 23:11:54,31659862,1643501,1072521,9.8,29947
2019-11-08 00:12:06,31663487,1643657,1072597,9.8,29951
2019-11-08 01:12:19,31667009,1643818,1072683,9.8,29952
2019-11-08 02:12:32,31669576,1643924,1072732,9.8,29958
时间,播放数,关注,弹幕,评分,评分人数
2019-11-08 03:17:31,31671138,1643987,1072752,9.8,29961
时间,播放数,关注,弹幕,评分,评分人数
2019-11-08 04:17:46,31671971,1644018,1072768,9.8,29961
时间,播放数,关注,弹幕,评分,评分人数
2019-11-08 05:18:05,31672446,1644028,1072779,9.8,29964
时间,播放数,关注,弹幕,评分,评分人数
2019-11-08 06:18:21,31672786,1644037,1072786,9.8,29964
时间,播放数,关注,弹幕,评分,评分人数
2019-11-08 07:18:36,31673060,1644046,1072797,9.8,29966
时间,播放数,关注,弹幕,评分,评分人数
2019-11-08 08:18:56,31673468,1644069,1072802,9.8,29966
时间,播放数,关注,弹幕,评分,评分人数
2019-11-08 09:19:18,31674154,1644108,1072818,9.8,29966
时间,播放数,关注,弹幕,评分,评分人数
2019-11-08 10:19:32,31674927,1644141,1072828,9.8,29966
时间,播放数,关注,弹幕,评分,评分人数
2019-11-08 11:19:47,31675913,1644186,1072836,9.8,29968
时间,播放数,关注,弹幕,评分,评分人数
2019-11-08 12:20:06,31677215,1644235,1072865,9.8,29968
时间,播放数,关注,弹幕,评分,评分人数
2019-11-08 13:20:25,31678873,1644299,1072903,9.8,29969
时间,播放数,关注,弹幕,评分,评分人数
2019-11-08 14:20:48,31681393,1644419,1072945,9.8,29972
时间,播放数,关注,弹幕,评分,评分人数
2019-11-08 15:21:05,31683183,1644478,1072987,9.8,29973
时间,播放数,关注,弹幕,评分,评分人数
2019-11-08 16:21:24,31684634,1644522,1073053,9.8,29975
时间,播放数,关注,弹幕,评分,评分人数
2019-11-08 17:21:40,31686073,1644579,1073094,9.8,29977
时间,播放数,关注,弹幕,评分,评分人数
2019-11-08 18:21:56,31687801,1644676,1073135,9.8,29977
时间,播放数,关注,弹幕,评分,评分人数
2019-11-08 18:52:49,31688842,1644731,1073161,9.8,29977
2019-11-08 19:53:08,31691314,1644852,1073220,9.8,29981
2019-11-08 20:53:24,31693879,1644974,1073290,9.8,29982
2019-11-08 21:53:40,31696555,1645095,1073376,9.8,29982
2019-11-08 22:53:57,31699879,1645230,1073449,9.8,29986
2019-11-08 23:54:14,31703656,1645392,1073527,9.8,29987
2019-11-09 00:54:35,31707279,1645580,1073584,9.8,29989
2019-11-09 01:54:56,31710426,1645708,1073669,9.8,29991
2019-11-09 02:55:15,31712689,1645783,1073746,9.8,29993
2019-11-09 03:55:31,31713925,1645835,1073784,9.8,29995
2019-11-09 04:55:47,31714611,1645849,1073805,9.8,29997
2019-11-09 05:56:06,31715093,1645867,1073816,9.8,29997
