时间,贴吧名,贴吧id,贴吧目录1,贴吧目录2,当日即时关注人数(网页获取),当日关注人数(api获取),当日即时主题贴数,当日即时贴子总数,当日即时精品贴总数,贴吧会员名,当日即时签到人数,当日即时签到排名,昨日关注人数,昨日签到人数,昨日签到排名,每周关注人数,每周签到人数,每周签到排名,每月关注人数,每月签到人数,每月签到排名
2020-04-12 06:21:52,新vtuber,27265302,无,无,2866,2862,673,21080,65,会员,159,0,0,0,0,0,0,0,0,0,0
2020-04-12 06:25:33,新vtuber,27265302,无,无,2866,2862,673,21080,65,会员,159,0,0,0,0,0,0,0,0,0,0
2020-04-12 07:27:58,新vtuber,27265302,无,无,2867,2862,672,21083,65,会员,170,0,0,0,0,0,0,0,0,0,0
2020-04-12 08:30:21,新vtuber,27265302,无,无,2868,2862,672,21085,65,会员,184,0,0,0,0,0,0,0,0,0,0
2020-04-12 09:33:04,新vtuber,27265302,无,无,2868,2862,672,21108,65,会员,221,0,0,0,0,0,0,0,0,0,0
2020-04-12 10:35:44,新vtuber,27265302,无,无,2879,2862,671,21128,65,会员,268,0,0,0,0,0,0,0,0,0,0
2020-04-12 11:38:39,新vtuber,27265302,无,无,2880,2862,671,21168,65,会员,306,0,0,0,0,0,0,0,0,0,0
2020-04-12 12:41:23,新vtuber,27265302,无,无,2884,2862,671,21186,65,会员,341,0,0,0,0,0,0,0,0,0,0
2020-04-12 13:43:52,新vtuber,27265302,无,无,2885,2862,674,21229,65,会员,360,0,0,0,0,0,0,0,0,0,0
2020-04-12 14:46:32,新vtuber,27265302,无,无,2886,2862,674,21253,65,会员,390,0,0,0,0,0,0,0,0,0,0
2020-04-12 15:49:12,新vtuber,27265302,无,无,2890,2862,676,21263,65,会员,409,0,0,0,0,0,0,0,0,0,0
2020-04-12 16:52:03,新vtuber,27265302,无,无,2894,2862,677,21287,65,会员,424,0,0,0,0,0,0,0,0,0,0
2020-04-12 17:55:52,新vtuber,27265302,无,无,2900,2862,676,21304,65,会员,438,0,0,0,0,0,0,0,0,0,0
2020-04-12 18:58:20,新vtuber,27265302,无,无,2900,2862,676,21313,65,会员,455,0,0,0,0,0,0,0,0,0,0
2020-04-12 20:00:42,新vtuber,27265302,无,无,2907,2862,677,21333,65,会员,466,0,0,0,0,0,0,0,0,0,0
2020-04-12 21:03:45,新vtuber,27265302,无,无,2914,2862,679,21351,65,会员,488,0,0,0,0,0,0,0,0,0,0
2020-04-12 22:06:21,新vtuber,27265302,无,无,2916,2862,679,21372,65,会员,504,0,0,0,0,0,0,0,0,0,0
2020-04-12 23:08:46,新vtuber,27265302,无,无,2918,2862,679,21382,65,会员,516,0,0,0,0,0,0,0,0,0,0
2020-04-13 00:11:12,新vtuber,27265302,无,无,2918,2862,683,21410,65,会员,528,0,0,0,0,0,0,0,0,0,0
2020-04-13 01:13:36,新vtuber,27265302,无,无,2926,2924,690,21488,65,会员,35,0,0,0,0,0,0,0,0,0,0
2020-04-13 02:16:05,新vtuber,27265302,无,无,2931,2924,693,21550,65,会员,97,0,0,0,0,0,0,0,0,0,0
2020-04-13 03:18:53,新vtuber,27265302,无,无,2938,2924,693,21558,65,会员,137,0,0,0,0,0,0,0,0,0,0
2020-04-13 04:21:38,新vtuber,27265302,无,无,2940,2924,693,21563,65,会员,145,0,0,0,0,0,0,0,0,0,0
2020-04-13 05:23:52,新vtuber,27265302,无,无,2940,2924,693,21563,65,会员,156,0,0,0,0,0,0,0,0,0,0
2020-04-13 06:26:38,新vtuber,27265302,无,无,2942,2924,693,21570,65,会员,162,0,0,0,0,0,0,0,0,0,0
2020-04-13 07:29:19,新vtuber,27265302,无,无,2942,2924,693,21571,65,会员,174,0,0,0,0,0,0,0,0,0,0
2020-04-13 08:31:43,新vtuber,27265302,无,无,2943,2924,693,21578,65,会员,202,0,0,0,0,0,0,0,0,0,0
2020-04-13 09:34:27,新vtuber,27265302,无,无,2944,2924,694,21596,65,会员,248,0,0,0,0,0,0,0,0,0,0
2020-04-13 10:37:01,新vtuber,27265302,无,无,2946,2924,696,21642,65,会员,293,0,0,0,0,0,0,0,0,0,0
2020-04-13 11:39:29,新vtuber,27265302,无,无,2953,2924,697,21695,65,会员,333,0,0,0,0,0,0,0,0,0,0
2020-04-13 12:41:56,新vtuber,27265302,无,无,2963,2924,699,21751,65,会员,371,0,0,0,0,0,0,0,0,0,0
2020-04-13 13:44:20,新vtuber,27265302,无,无,2967,2924,700,21785,65,会员,394,0,0,0,0,0,0,0,0,0,0
2020-04-13 14:46:45,新vtuber,27265302,无,无,2969,2924,700,21840,65,会员,416,0,0,0,0,0,0,0,0,0,0
2020-04-13 15:49:33,新vtuber,27265302,无,无,2973,2924,700,21864,65,会员,446,0,0,0,0,0,0,0,0,0,0
2020-04-13 16:52:13,新vtuber,27265302,无,无,2977,2924,702,21902,65,会员,460,0,0,0,0,0,0,0,0,0,0
2020-04-13 17:55:02,新vtuber,27265302,无,无,2980,2924,702,21923,65,会员,470,0,0,0,0,0,0,0,0,0,0
2020-04-13 18:57:32,新vtuber,27265302,无,无,2984,2924,702,21953,65,会员,486,0,0,0,0,0,0,0,0,0,0
2020-04-13 19:59:59,新vtuber,27265302,无,无,2985,2924,703,21982,65,会员,504,0,0,0,0,0,0,0,0,0,0
2020-04-13 21:02:40,新vtuber,27265302,无,无,2986,2924,705,22044,65,会员,515,0,0,0,0,0,0,0,0,0,0
2020-04-13 22:05:05,新vtuber,27265302,无,无,2991,2924,706,22069,65,会员,530,0,0,0,0,0,0,0,0,0,0
2020-04-14 05:23:40,新vtuber,27265302,无,无,3026,3007,706,22376,65,会员,153,0,0,0,0,0,0,0,0,0,0
2020-04-14 06:26:23,新vtuber,27265302,无,无,3026,3007,707,22391,65,会员,162,0,0,0,0,0,0,0,0,0,0
2020-04-14 07:28:51,新vtuber,27265302,无,无,3026,3007,707,22411,65,会员,174,0,0,0,0,0,0,0,0,0,0
2020-04-14 08:31:09,新vtuber,27265302,无,无,3026,3007,707,22434,65,会员,192,0,0,0,0,0,0,0,0,0,0
2020-04-14 09:33:52,新vtuber,27265302,无,无,3027,3007,707,22454,65,会员,252,0,0,0,0,0,0,0,0,0,0
2020-04-14 10:36:42,新vtuber,27265302,无,无,3029,3007,707,22484,65,会员,300,0,0,0,0,0,0,0,0,0,0
2020-04-14 11:39:33,新vtuber,27265302,无,无,3036,3007,710,22537,65,会员,327,0,0,0,0,0,0,0,0,0,0
2020-04-14 12:41:44,新vtuber,27265302,无,无,3042,3007,712,22625,65,会员,363,0,0,0,0,0,0,0,0,0,0
2020-04-14 13:44:27,新vtuber,27265302,无,无,3050,3007,717,22722,65,会员,388,0,0,0,0,0,0,0,0,0,0
2020-04-14 14:47:25,新vtuber,27265302,无,无,3054,3007,719,22777,65,会员,416,0,0,0,0,0,0,0,0,0,0
2020-04-14 15:50:00,新vtuber,27265302,无,无,3055,3007,720,22818,65,会员,437,0,0,0,0,0,0,0,0,0,0
2020-04-14 16:52:47,新vtuber,27265302,无,无,3056,3007,720,22843,65,会员,450,0,0,0,0,0,0,0,0,0,0
2020-04-14 17:55:28,新vtuber,27265302,无,无,3060,3007,721,22886,65,会员,460,0,0,0,0,0,0,0,0,0,0
2020-04-14 18:58:16,新vtuber,27265302,无,无,3060,3007,721,22918,65,会员,469,0,0,0,0,0,0,0,0,0,0
2020-04-14 20:00:35,新vtuber,27265302,无,无,3064,3007,721,22950,65,会员,486,0,0,0,0,0,0,0,0,0,0
2020-04-14 21:03:03,新vtuber,27265302,无,无,3067,3007,724,22975,65,会员,500,0,0,0,0,0,0,0,0,0,0
2020-04-14 22:05:33,新vtuber,27265302,无,无,3071,3007,724,23008,65,会员,512,0,0,0,0,0,0,0,0,0,0
2020-04-14 23:09:09,新vtuber,27265302,无,无,3078,3007,730,23088,65,会员,526,0,0,0,0,0,0,0,0,0,0
2020-04-15 00:12:02,新vtuber,27265302,无,无,3089,3007,733,23227,65,会员,557,0,0,0,0,0,0,0,0,0,0
2020-04-15 01:14:32,新vtuber,27265302,无,无,3102,3099,734,23299,65,会员,44,0,0,0,0,0,0,0,0,0,0
2020-04-15 02:17:07,新vtuber,27265302,无,无,3115,3099,739,23364,65,会员,115,0,0,0,0,0,0,0,0,0,0
2020-04-15 03:19:38,新vtuber,27265302,无,无,3126,3099,741,23432,65,会员,162,0,0,0,0,0,0,0,0,0,0
2020-04-15 04:22:20,新vtuber,27265302,无,无,3133,3099,741,23475,65,会员,195,0,0,0,0,0,0,0,0,0,0
2020-04-15 05:24:50,新vtuber,27265302,无,无,3136,3099,741,23478,65,会员,212,0,0,0,0,0,0,0,0,0,0
2020-04-15 06:27:23,新vtuber,27265302,无,无,3141,3099,741,23483,65,会员,218,0,0,0,0,0,0,0,0,0,0
2020-04-15 07:30:01,新vtuber,27265302,无,无,3143,3099,742,23487,65,会员,232,0,0,0,0,0,0,0,0,0,0
2020-04-15 08:32:41,新vtuber,27265302,无,无,3144,3099,742,23502,65,会员,253,0,0,0,0,0,0,0,0,0,0
2020-04-15 09:35:04,新vtuber,27265302,无,无,3149,3099,742,23520,65,会员,295,0,0,0,0,0,0,0,0,0,0
2020-04-15 10:37:42,新vtuber,27265302,无,无,3159,3099,745,23555,65,会员,356,0,0,0,0,0,0,0,0,0,0
2020-04-15 11:40:29,新vtuber,27265302,无,无,3169,3099,746,23603,65,会员,399,0,0,0,0,0,0,0,0,0,0
2020-04-15 13:14:46,新vtuber,27265302,无,无,3188,3099,748,23763,65,会员,455,0,0,0,0,0,0,0,0,0,0
2020-04-15 14:17:33,新vtuber,27265302,无,无,3200,3099,747,23810,65,会员,489,0,0,0,0,0,0,0,0,0,0
2020-04-15 15:19:54,新vtuber,27265302,无,无,3207,3099,749,23827,65,会员,516,0,0,0,0,0,0,0,0,0,0
2020-04-15 16:22:22,新vtuber,27265302,无,无,3210,3099,748,23855,65,会员,538,0,0,0,0,0,0,0,0,0,0
2020-04-15 17:25:15,新vtuber,27265302,无,无,3214,3099,745,23894,65,会员,551,0,0,0,0,0,0,0,0,0,0
2020-04-15 18:28:02,新vtuber,27265302,无,无,3222,3099,748,24003,65,会员,573,0,0,0,0,0,0,0,0,0,0
2020-04-15 19:30:37,新vtuber,27265302,无,无,3235,3099,749,24101,65,会员,598,0,0,0,0,0,0,0,0,0,0
2020-04-15 20:33:55,新vtuber,27265302,无,无,3251,3099,749,24148,65,会员,622,0,0,0,0,0,0,0,0,0,0
2020-04-15 21:36:48,新vtuber,27265302,无,无,3254,3099,753,24224,65,会员,640,0,0,0,0,0,0,0,0,0,0
2020-04-15 22:39:14,新vtuber,27265302,无,无,3263,3099,755,24340,65,会员,666,0,0,0,0,0,0,0,0,0,0
2020-04-15 23:41:55,新vtuber,27265302,无,无,3273,3099,760,24523,65,会员,690,0,0,0,0,0,0,0,0,0,0
2020-04-16 00:46:44,新vtuber,27265302,无,无,3283,3099,766,24716,65,会员,725,0,0,0,0,0,0,0,0,0,0
2020-04-16 01:49:12,新vtuber,27265302,无,无,3288,3284,768,24822,65,会员,68,0,0,0,0,0,0,0,0,0,0
2020-04-16 02:51:42,新vtuber,27265302,无,无,3294,3284,772,24890,65,会员,136,0,0,0,0,0,0,0,0,0,0
2020-04-16 03:54:13,新vtuber,27265302,无,无,3299,3284,773,24985,65,会员,175,0,0,0,0,0,0,0,0,0,0
2020-04-16 04:56:43,新vtuber,27265302,无,无,3301,3284,776,25018,65,会员,190,0,0,0,0,0,0,0,0,0,0
2020-04-16 05:59:10,新vtuber,27265302,无,无,3302,3284,776,25038,65,会员,198,0,0,0,0,0,0,0,0,0,0
2020-04-16 07:01:31,新vtuber,27265302,无,无,3302,3284,776,25048,65,会员,211,0,0,0,0,0,0,0,0,0,0
2020-04-16 08:04:14,新vtuber,27265302,无,无,3303,3284,776,25053,65,会员,235,0,0,0,0,0,0,0,0,0,0
2020-04-16 09:06:50,新vtuber,27265302,无,无,3305,3284,777,25086,65,会员,264,0,0,0,0,0,0,0,0,0,0
2020-04-16 10:09:18,新vtuber,27265302,无,无,3306,3284,774,25146,65,会员,318,0,0,0,0,0,0,0,0,0,0
2020-04-16 11:12:00,新vtuber,27265302,无,无,3313,3284,777,25200,65,会员,386,0,0,0,0,0,0,0,0,0,0
2020-04-16 12:14:26,新vtuber,27265302,无,无,3319,3284,781,25315,65,会员,430,0,0,0,0,0,0,0,0,0,0
2020-04-16 13:16:53,新vtuber,27265302,无,无,3346,3284,782,25427,65,会员,485,0,0,0,0,0,0,0,0,0,0
2020-04-16 14:19:15,新vtuber,27265302,无,无,3366,3284,782,25506,65,会员,526,0,0,0,0,0,0,0,0,0,0
2020-04-16 15:22:09,新vtuber,27265302,无,无,3377,3284,784,25594,65,会员,552,0,0,0,0,0,0,0,0,0,0
2020-04-16 16:24:54,新vtuber,27265302,无,无,3382,3284,785,25676,65,会员,576,0,0,0,0,0,0,0,0,0,0
2020-04-16 17:27:37,新vtuber,27265302,无,无,3389,3284,786,25715,65,会员,596,0,0,0,0,0,0,0,0,0,0
2020-04-16 18:30:12,新vtuber,27265302,无,无,3397,3284,786,25770,65,会员,611,0,0,0,0,0,0,0,0,0,0
2020-04-16 19:32:34,新vtuber,27265302,无,无,3408,3284,786,25788,65,会员,628,0,0,0,0,0,0,0,0,0,0
2020-04-16 20:35:08,新vtuber,27265302,无,无,3419,3284,787,25851,65,会员,654,0,0,0,0,0,0,0,0,0,0
2020-04-16 21:37:50,新vtuber,27265302,无,无,3423,3284,789,25896,65,会员,676,0,0,0,0,0,0,0,0,0,0
2020-04-16 22:40:41,新vtuber,27265302,无,无,3428,3284,787,25923,65,会员,694,0,0,0,0,0,0,0,0,0,0
2020-04-16 23:43:32,新vtuber,27265302,无,无,3436,3284,792,25973,65,会员,715,0,0,0,0,0,0,0,0,0,0
2020-04-17 00:46:16,新vtuber,27265302,无,无,3445,3284,794,26015,65,会员,752,0,0,0,0,0,0,0,0,0,0
2020-04-17 01:48:44,新vtuber,27265302,无,无,3454,3447,797,26090,65,会员,77,0,0,0,0,0,0,0,0,0,0
2020-04-17 02:51:23,新vtuber,27265302,无,无,3470,3447,798,26139,65,会员,156,0,0,0,0,0,0,0,0,0,0
2020-04-17 03:53:56,新vtuber,27265302,无,无,3476,3447,799,26168,65,会员,197,0,0,0,0,0,0,0,0,0,0
2020-04-17 04:56:32,新vtuber,27265302,无,无,3481,3447,800,26176,65,会员,209,0,0,0,0,0,0,0,0,0,0
2020-04-17 05:59:25,新vtuber,27265302,无,无,3483,3447,800,26180,65,会员,219,0,0,0,0,0,0,0,0,0,0
2020-04-17 07:01:56,新vtuber,27265302,无,无,3485,3447,801,26197,65,会员,230,0,0,0,0,0,0,0,0,0,0
2020-04-17 08:04:28,新vtuber,27265302,无,无,3487,3447,802,26203,65,会员,255,0,0,0,0,0,0,0,0,0,0
2020-04-17 09:06:57,新vtuber,27265302,无,无,3492,3447,803,26246,65,会员,292,0,0,0,0,0,0,0,0,0,0
2020-04-17 10:09:38,新vtuber,27265302,无,无,3503,3447,803,26275,65,会员,355,0,0,0,0,0,0,0,0,0,0
2020-04-17 11:12:40,新vtuber,27265302,无,无,3514,3447,803,26315,65,会员,401,0,0,0,0,0,0,0,0,0,0
2020-04-17 12:15:31,新vtuber,27265302,无,无,3529,3447,805,26358,65,会员,438,0,0,0,0,0,0,0,0,0,0
2020-04-17 13:18:01,新vtuber,27265302,无,无,3536,3447,805,26405,65,会员,478,0,0,0,0,0,0,0,0,0,0
2020-04-17 14:20:23,新vtuber,27265302,无,无,3538,3447,808,26431,65,会员,498,0,0,0,0,0,0,0,0,0,0
2020-04-17 15:23:05,新vtuber,27265302,无,无,3540,3447,807,26467,65,会员,515,0,0,0,0,0,0,0,0,0,0
2020-04-17 16:25:42,新vtuber,27265302,无,无,3546,3447,807,26510,65,会员,536,0,0,0,0,0,0,0,0,0,0
2020-04-17 17:28:06,新vtuber,27265302,无,无,3549,3447,808,26532,65,会员,551,0,0,0,0,0,0,0,0,0,0
2020-04-17 18:30:38,新vtuber,27265302,无,无,3553,3447,808,26572,65,会员,567,0,0,0,0,0,0,0,0,0,0
2020-04-17 19:33:07,新vtuber,27265302,无,无,3555,3447,809,26602,65,会员,587,0,0,0,0,0,0,0,0,0,0
2020-04-17 20:35:41,新vtuber,27265302,无,无,3563,3447,810,26628,65,会员,602,0,0,0,0,0,0,0,0,0,0
2020-04-17 21:38:01,新vtuber,27265302,无,无,3567,3447,809,26653,65,会员,620,0,0,0,0,0,0,0,0,0,0
2020-04-17 22:41:05,新vtuber,27265302,无,无,3570,3447,809,26691,65,会员,636,0,0,0,0,0,0,0,0,0,0
2020-04-17 23:43:50,新vtuber,27265302,无,无,3575,3447,813,26723,66,会员,663,0,0,0,0,0,0,0,0,0,0
2020-04-18 00:46:30,新vtuber,27265302,无,无,3582,3447,812,26786,66,会员,686,0,0,0,0,0,0,0,0,0,0
2020-04-18 01:48:53,新vtuber,27265302,无,无,3584,3582,814,26833,66,会员,60,0,0,0,0,0,0,0,0,0,0
2020-04-18 02:51:13,新vtuber,27265302,无,无,3589,3582,815,26914,66,会员,126,0,0,0,0,0,0,0,0,0,0
2020-04-18 03:53:41,新vtuber,27265302,无,无,3593,3582,815,26923,66,会员,157,0,0,0,0,0,0,0,0,0,0
2020-04-18 04:56:03,新vtuber,27265302,无,无,3594,3582,815,26925,66,会员,170,0,0,0,0,0,0,0,0,0,0
2020-04-18 05:58:40,新vtuber,27265302,无,无,3594,3582,815,26934,66,会员,180,0,0,0,0,0,0,0,0,0,0
2020-04-18 07:01:22,新vtuber,27265302,无,无,3594,3582,816,26941,66,会员,192,0,0,0,0,0,0,0,0,0,0
2020-04-18 08:03:58,新vtuber,27265302,无,无,3594,3582,817,26956,66,会员,213,0,0,0,0,0,0,0,0,0,0
2020-04-18 09:06:35,新vtuber,27265302,无,无,3594,3582,818,26961,66,会员,256,0,0,0,0,0,0,0,0,0,0
2020-04-18 10:09:15,新vtuber,27265302,无,无,3597,3582,818,26977,66,会员,304,0,0,0,0,0,0,0,0,0,0
2020-04-18 11:12:00,新vtuber,27265302,无,无,3599,3582,819,26997,66,会员,335,0,0,0,0,0,0,0,0,0,0
2020-04-18 12:14:56,新vtuber,27265302,无,无,3605,3582,822,27030,66,会员,379,0,0,0,0,0,0,0,0,0,0
2020-04-18 13:17:33,新vtuber,27265302,无,无,3609,3582,822,27085,66,会员,420,0,0,0,0,0,0,0,0,0,0
2020-04-18 14:20:45,新vtuber,27265302,无,无,3609,3582,822,27111,66,会员,443,0,0,0,0,0,0,0,0,0,0
2020-04-18 15:23:18,新vtuber,27265302,无,无,3611,3582,823,27160,66,会员,477,0,0,0,0,0,0,0,0,0,0
2020-04-18 16:26:06,新vtuber,27265302,无,无,3615,3582,824,27191,66,会员,498,0,0,0,0,0,0,0,0,0,0
2020-04-19 08:23:22,新vtuber,27265302,无,无,3653,3647,834,27689,66,会员,246,0,0,0,0,0,0,0,0,0,0
2020-04-19 09:25:55,新vtuber,27265302,无,无,3653,3647,834,27692,66,会员,273,0,0,0,0,0,0,0,0,0,0
2020-04-19 10:28:26,新vtuber,27265302,无,无,3655,3647,834,27703,66,会员,308,0,0,0,0,0,0,0,0,0,0
2020-04-19 11:31:03,新vtuber,27265302,无,无,3657,3647,835,27726,66,会员,349,0,0,0,0,0,0,0,0,0,0
2020-04-19 12:33:43,新vtuber,27265302,无,无,3662,3647,836,27764,66,会员,389,0,0,0,0,0,0,0,0,0,0
2020-04-19 13:36:32,新vtuber,27265302,无,无,3666,3647,836,27792,66,会员,413,0,0,0,0,0,0,0,0,0,0
2020-04-19 14:39:09,新vtuber,27265302,无,无,3664,3647,835,27824,66,会员,444,0,0,0,0,0,0,0,0,0,0
2020-04-19 15:41:44,新vtuber,27265302,无,无,3666,3647,836,27838,66,会员,467,0,0,0,0,0,0,0,0,0,0
2020-04-19 16:44:42,新vtuber,27265302,无,无,3666,3647,837,27862,65,会员,474,0,0,0,0,0,0,0,0,0,0
2020-04-19 17:47:04,新vtuber,27265302,无,无,3669,3647,837,27891,65,会员,489,0,0,0,0,0,0,0,0,0,0
2020-04-19 18:49:30,新vtuber,27265302,无,无,3671,3647,839,27928,65,会员,507,0,0,0,0,0,0,0,0,0,0
2020-04-19 19:52:12,新vtuber,27265302,无,无,3673,3647,840,27951,65,会员,526,0,0,0,0,0,0,0,0,0,0
2020-04-19 20:54:37,新vtuber,27265302,无,无,3675,3647,845,27979,65,会员,541,0,0,0,0,0,0,0,0,0,0
2020-04-19 21:57:33,新vtuber,27265302,无,无,3676,3647,847,28056,65,会员,556,0,0,0,0,0,0,0,0,0,0
2020-04-19 23:00:23,新vtuber,27265302,无,无,3677,3647,846,28093,65,会员,565,0,0,0,0,0,0,0,0,0,0
2020-04-20 00:03:15,新vtuber,27265302,无,无,3679,3647,847,28119,65,会员,600,0,0,0,0,0,0,0,0,0,0
2020-04-20 01:06:08,新vtuber,27265302,无,无,3684,3683,848,28152,65,会员,19,0,0,0,0,0,0,0,0,0,0
2020-04-20 02:08:32,新vtuber,27265302,无,无,3686,3683,848,28185,65,会员,82,0,0,0,0,0,0,0,0,0,0
2020-04-20 03:11:05,新vtuber,27265302,无,无,3688,3683,848,28211,65,会员,146,0,0,0,0,0,0,0,0,0,0
2020-04-20 04:13:48,新vtuber,27265302,无,无,3691,3683,849,28230,65,会员,160,0,0,0,0,0,0,0,0,0,0
2020-04-20 05:16:24,新vtuber,27265302,无,无,3692,3683,849,28237,65,会员,167,0,0,0,0,0,0,0,0,0,0
2020-04-20 06:19:03,新vtuber,27265302,无,无,3693,3683,848,28238,65,会员,175,0,0,0,0,0,0,0,0,0,0
2020-04-20 07:21:36,新vtuber,27265302,无,无,3693,3683,848,28239,65,会员,185,0,0,0,0,0,0,0,0,0,0
2020-04-20 08:24:07,新vtuber,27265302,无,无,3693,3683,849,28246,65,会员,218,0,0,0,0,0,0,0,0,0,0
2020-04-20 09:26:31,新vtuber,27265302,无,无,3694,3683,849,28257,65,会员,270,0,0,0,0,0,0,0,0,0,0
2020-04-20 10:29:10,新vtuber,27265302,无,无,3695,3683,853,28303,65,会员,321,0,0,0,0,0,0,0,0,0,0
2020-04-20 11:32:00,新vtuber,27265302,无,无,3696,3683,852,28337,66,会员,362,0,0,0,0,0,0,0,0,0,0
2020-04-20 12:34:32,新vtuber,27265302,无,无,3698,3683,854,28364,66,会员,387,0,0,0,0,0,0,0,0,0,0
2020-04-20 13:37:16,新vtuber,27265302,无,无,3697,3683,854,28393,66,会员,415,0,0,0,0,0,0,0,0,0,0
2020-04-20 14:39:40,新vtuber,27265302,无,无,3698,3683,854,28414,66,会员,438,0,0,0,0,0,0,0,0,0,0
2020-04-20 15:42:24,新vtuber,27265302,无,无,3699,3683,854,28446,66,会员,453,0,0,0,0,0,0,0,0,0,0
2020-04-20 16:45:12,新vtuber,27265302,无,无,3704,3683,855,28451,66,会员,467,0,0,0,0,0,0,0,0,0,0
2020-04-20 17:48:04,新vtuber,27265302,无,无,3708,3683,855,28471,66,会员,486,0,0,0,0,0,0,0,0,0,0
2020-04-20 18:50:51,新vtuber,27265302,无,无,3712,3683,856,28494,66,会员,494,0,0,0,0,0,0,0,0,0,0
2020-04-20 19:53:45,新vtuber,27265302,无,无,3716,3683,857,28547,66,会员,515,0,0,0,0,0,0,0,0,0,0
2020-04-20 20:56:12,新vtuber,27265302,无,无,3719,3683,857,28570,66,会员,529,0,0,0,0,0,0,0,0,0,0
2020-04-20 21:58:49,新vtuber,27265302,无,无,3720,3683,858,28589,66,会员,548,0,0,0,0,0,0,0,0,0,0
2020-04-20 23:01:36,新vtuber,27265302,无,无,3721,3683,860,28605,66,会员,556,0,0,0,0,0,0,0,0,0,0
2020-04-21 00:04:07,新vtuber,27265302,无,无,3724,3683,861,28647,66,会员,574,0,0,0,0,0,0,0,0,0,0
2020-04-21 01:06:30,新vtuber,27265302,无,无,3727,3727,860,28668,66,会员,24,0,0,0,0,0,0,0,0,0,0
2020-04-21 02:08:57,新vtuber,27265302,无,无,3727,3727,861,28693,66,会员,79,0,0,0,0,0,0,0,0,0,0
2020-04-21 03:11:33,新vtuber,27265302,无,无,3727,3727,859,28719,66,会员,129,0,0,0,0,0,0,0,0,0,0
2020-04-21 04:14:01,新vtuber,27265302,无,无,3730,3727,859,28723,65,会员,148,0,0,0,0,0,0,0,0,0,0
2020-04-21 05:16:35,新vtuber,27265302,无,无,3730,3727,859,28723,65,会员,156,0,0,0,0,0,0,0,0,0,0
2020-04-21 06:19:20,新vtuber,27265302,无,无,3731,3727,859,28725,65,会员,160,0,0,0,0,0,0,0,0,0,0
2020-04-21 07:21:38,新vtuber,27265302,无,无,3731,3727,859,28729,65,会员,177,0,0,0,0,0,0,0,0,0,0
2020-04-21 08:24:10,新vtuber,27265302,无,无,3731,3727,859,28732,65,会员,211,0,0,0,0,0,0,0,0,0,0
2020-04-21 09:27:11,新vtuber,27265302,无,无,3732,3727,859,28741,65,会员,250,0,0,0,0,0,0,0,0,0,0
2020-04-21 10:30:04,新vtuber,27265302,无,无,3730,3727,859,28751,65,会员,299,0,0,0,0,0,0,0,0,0,0
2020-04-21 18:06:40,新vtuber,27265302,无,无,3734,3727,859,28841,65,会员,442,0,0,0,0,0,0,0,0,0,0
2020-04-21 19:14:09,新vtuber,27265302,无,无,3733,3727,860,28857,65,会员,451,0,0,0,0,0,0,0,0,0,0
2020-04-21 20:22:01,新vtuber,27265302,无,无,3733,3727,862,28886,65,会员,466,0,0,0,0,0,0,0,0,0,0
2020-04-21 21:31:43,新vtuber,27265302,无,无,3736,3727,863,28903,65,会员,483,0,0,0,0,0,0,0,0,0,0
2020-04-21 22:40:49,新vtuber,27265302,无,无,3736,3727,864,28924,65,会员,494,0,0,0,0,0,0,0,0,0,0
2020-04-21 23:47:34,新vtuber,27265302,无,无,3737,3727,864,28938,65,会员,517,0,0,0,0,0,0,0,0,0,0
2020-04-22 00:55:28,新vtuber,27265302,无,无,3739,3727,865,28963,65,会员,549,0,0,0,0,0,0,0,0,0,0
2020-04-22 02:01:39,新vtuber,27265302,无,无,3741,3740,867,29012,65,会员,66,0,0,0,0,0,0,0,0,0,0
2020-04-22 03:06:47,新vtuber,27265302,无,无,3744,3740,868,29039,65,会员,128,0,0,0,0,0,0,0,0,0,0
2020-04-22 04:11:43,新vtuber,27265302,无,无,3745,3740,866,29047,63,会员,143,0,0,0,0,0,0,0,0,0,0
2020-04-22 05:16:30,新vtuber,27265302,无,无,3745,3740,866,29050,63,会员,156,0,0,0,0,0,0,0,0,0,0
2020-04-22 06:21:14,新vtuber,27265302,无,无,3746,3740,866,29051,63,会员,163,0,0,0,0,0,0,0,0,0,0
2020-04-22 07:25:52,新vtuber,27265302,无,无,3747,3740,866,29051,63,会员,178,0,0,0,0,0,0,0,0,0,0
2020-04-22 08:31:43,新vtuber,27265302,无,无,3748,3740,866,29055,63,会员,217,0,0,0,0,0,0,0,0,0,0
2020-04-22 09:37:21,新vtuber,27265302,无,无,3748,3740,867,29065,63,会员,267,0,0,0,0,0,0,0,0,0,0
2020-04-22 10:44:30,新vtuber,27265302,无,无,3748,3740,867,29092,63,会员,304,0,0,0,0,0,0,0,0,0,0
2020-04-22 11:51:29,新vtuber,27265302,无,无,3753,3740,867,29132,63,会员,346,0,0,0,0,0,0,0,0,0,0
2020-04-22 12:58:07,新vtuber,27265302,无,无,3754,3740,868,29163,63,会员,373,0,0,0,0,0,0,0,0,0,0
2020-04-22 14:07:24,新vtuber,27265302,无,无,3757,3740,869,29184,63,会员,410,0,0,0,0,0,0,0,0,0,0
2020-04-22 15:14:45,新vtuber,27265302,无,无,3756,3740,869,29199,63,会员,421,0,0,0,0,0,0,0,0,0,0
2020-04-22 17:25:35,新vtuber,27265302,无,无,3759,3740,867,29226,63,会员,455,0,0,0,0,0,0,0,0,0,0
2020-04-22 17:32:08,新vtuber,27265302,无,无,3759,3740,867,29226,63,会员,455,0,0,0,0,0,0,0,0,0,0
2020-04-22 17:44:32,新vtuber,27265302,无,无,3759,3740,867,29226,63,会员,459,0,0,0,0,0,0,0,0,0,0
2020-04-22 18:51:42,新vtuber,27265302,无,无,3763,3740,867,29243,63,会员,479,0,0,0,0,0,0,0,0,0,0
2020-04-22 19:58:30,新vtuber,27265302,无,无,3763,3740,866,29256,63,会员,492,0,0,0,0,0,0,0,0,0,0
2020-04-22 21:07:31,新vtuber,27265302,无,无,3766,3740,866,29260,63,会员,509,0,0,0,0,0,0,0,0,0,0
2020-04-22 22:21:22,新vtuber,27265302,无,无,3766,3740,867,29270,63,会员,518,0,0,0,0,0,0,0,0,0,0
2020-04-22 23:32:04,新vtuber,27265302,无,无,3767,3740,869,29280,63,会员,529,0,0,0,0,0,0,0,0,0,0
2020-04-23 00:39:47,新vtuber,27265302,无,无,3768,3740,871,29305,63,会员,552,0,0,0,0,0,0,0,0,0,0
2020-04-23 01:45:45,新vtuber,27265302,无,无,3769,3769,872,29343,63,会员,50,0,0,0,0,0,0,0,0,0,0
2020-04-23 02:51:54,新vtuber,27265302,无,无,3769,3769,874,29362,63,会员,107,0,0,0,0,0,0,0,0,0,0
2020-04-23 03:58:20,新vtuber,27265302,无,无,3769,3769,874,29371,63,会员,127,0,0,0,0,0,0,0,0,0,0
2020-04-23 05:03:51,新vtuber,27265302,无,无,3769,3769,874,29371,63,会员,134,0,0,0,0,0,0,0,0,0,0
2020-04-23 06:10:36,新vtuber,27265302,无,无,3769,3769,874,29372,63,会员,137,0,0,0,0,0,0,0,0,0,0
2020-04-23 07:16:03,新vtuber,27265302,无,无,3769,3769,874,29373,63,会员,151,0,0,0,0,0,0,0,0,0,0
2020-04-23 08:22:59,新vtuber,27265302,无,无,3769,3769,874,29377,63,会员,186,0,0,0,0,0,0,0,0,0,0
2020-04-23 09:30:28,新vtuber,27265302,无,无,3769,3769,875,29379,63,会员,221,0,0,0,0,0,0,0,0,0,0
2020-04-23 10:37:19,新vtuber,27265302,无,无,3773,3769,876,29386,63,会员,270,0,0,0,0,0,0,0,0,0,0
2020-04-23 11:44:06,新vtuber,27265302,无,无,3772,3769,876,29403,63,会员,300,0,0,0,0,0,0,0,0,0,0
2020-04-23 12:50:54,新vtuber,27265302,无,无,3774,3769,877,29412,63,会员,338,0,0,0,0,0,0,0,0,0,0
2020-04-23 13:57:52,新vtuber,27265302,无,无,3774,3769,877,29416,63,会员,368,0,0,0,0,0,0,0,0,0,0
2020-04-23 15:06:32,新vtuber,27265302,无,无,3773,3769,878,29428,63,会员,397,0,0,0,0,0,0,0,0,0,0
2020-04-23 16:17:46,新vtuber,27265302,无,无,3775,3769,878,29436,63,会员,412,0,0,0,0,0,0,0,0,0,0
2020-04-23 17:26:22,新vtuber,27265302,无,无,3775,3769,878,29436,63,会员,418,0,0,0,0,0,0,0,0,0,0
2020-04-23 18:39:04,新vtuber,27265302,无,无,3776,3769,878,29441,63,会员,430,0,0,0,0,0,0,0,0,0,0
2020-04-23 19:06:24,新vtuber,27265302,无,无,3776,3769,877,29441,63,会员,432,0,0,0,0,0,0,0,0,0,0
2020-04-23 19:14:10,新vtuber,27265302,无,无,3776,3769,877,29444,63,会员,434,0,0,0,0,0,0,0,0,0,0
2020-04-23 19:22:26,新vtuber,27265302,无,无,3776,3769,877,29444,63,会员,435,0,0,0,0,0,0,0,0,0,0
2020-04-23 19:31:40,新vtuber,27265302,无,无,3776,3769,877,29444,63,会员,438,0,0,0,0,0,0,0,0,0,0
2020-04-23 20:37:49,新vtuber,27265302,无,无,3776,3769,878,29451,63,会员,448,0,0,0,0,0,0,0,0,0,0
2020-04-23 21:43:28,新vtuber,27265302,无,无,3778,3769,878,29459,63,会员,460,0,0,0,0,0,0,0,0,0,0
2020-04-23 22:53:04,新vtuber,27265302,无,无,3781,3769,878,29467,63,会员,472,0,0,0,0,0,0,0,0,0,0
2020-04-24 00:10:22,新vtuber,27265302,无,无,3781,3769,881,29497,63,会员,492,0,0,0,0,0,0,0,0,0,0
2020-04-24 01:16:06,新vtuber,27265302,无,无,3781,3781,882,29527,63,会员,26,0,0,0,0,0,0,0,0,0,0
2020-04-24 02:21:51,新vtuber,27265302,无,无,3786,3781,885,29543,63,会员,74,0,0,0,0,0,0,0,0,0,0
2020-04-24 03:27:14,新vtuber,27265302,无,无,3787,3781,885,29553,63,会员,106,0,0,0,0,0,0,0,0,0,0
2020-04-24 04:31:23,新vtuber,27265302,无,无,3786,3781,885,29559,63,会员,118,0,0,0,0,0,0,0,0,0,0
2020-04-24 05:35:58,新vtuber,27265302,无,无,3786,3781,885,29559,63,会员,125,0,0,0,0,0,0,0,0,0,0
2020-04-24 06:40:16,新vtuber,27265302,无,无,3786,3781,885,29559,63,会员,137,0,0,0,0,0,0,0,0,0,0
2020-04-24 07:44:25,新vtuber,27265302,无,无,3786,3781,885,29561,63,会员,164,0,0,0,0,0,0,0,0,0,0
2020-04-24 08:49:25,新vtuber,27265302,无,无,3786,3781,885,29561,63,会员,202,0,0,0,0,0,0,0,0,0,0
2020-04-24 09:54:17,新vtuber,27265302,无,无,3786,3781,885,29580,63,会员,249,0,0,0,0,0,0,0,0,0,0
2020-04-24 11:00:12,新vtuber,27265302,无,无,3790,3781,886,29589,63,会员,286,0,0,0,0,0,0,0,0,0,0
2020-04-24 12:07:37,新vtuber,27265302,无,无,3796,3781,886,29592,63,会员,316,0,0,0,0,0,0,0,0,0,0
2020-04-24 13:23:06,新vtuber,27265302,无,无,3797,3781,886,29593,63,会员,337,0,0,0,0,0,0,0,0,0,0
2020-04-24 14:37:46,新vtuber,27265302,无,无,3799,3781,886,29600,63,会员,358,0,0,0,0,0,0,0,0,0,0
2020-04-24 15:44:40,新vtuber,27265302,无,无,3800,3781,886,29602,63,会员,378,0,0,0,0,0,0,0,0,0,0
2020-04-24 16:55:52,新vtuber,27265302,无,无,3801,3781,886,29611,63,会员,394,0,0,0,0,0,0,0,0,0,0
2020-04-24 18:03:55,新vtuber,27265302,无,无,3804,3781,886,29617,63,会员,404,0,0,0,0,0,0,0,0,0,0
2020-04-24 19:10:18,新vtuber,27265302,无,无,3804,3781,887,29622,63,会员,416,0,0,0,0,0,0,0,0,0,0
2020-04-24 20:16:24,新vtuber,27265302,无,无,3805,3781,887,29624,63,会员,432,0,0,0,0,0,0,0,0,0,0
2020-04-24 21:23:34,新vtuber,27265302,无,无,3809,3781,887,29630,63,会员,455,0,0,0,0,0,0,0,0,0,0
2020-04-24 22:30:24,新vtuber,27265302,无,无,3809,3781,889,29646,63,会员,468,0,0,0,0,0,0,0,0,0,0
2020-04-24 23:40:34,新vtuber,27265302,无,无,3810,3781,889,29649,63,会员,483,0,0,0,0,0,0,0,0,0,0
2020-04-25 00:52:46,新vtuber,27265302,无,无,3810,3781,889,29690,63,会员,501,0,0,0,0,0,0,0,0,0,0
2020-04-25 01:59:29,新vtuber,27265302,无,无,3812,3810,889,29714,63,会员,47,0,0,0,0,0,0,0,0,0,0
2020-04-25 03:04:52,新vtuber,27265302,无,无,3813,3810,889,29726,63,会员,98,0,0,0,0,0,0,0,0,0,0
2020-04-25 04:09:37,新vtuber,27265302,无,无,3813,3810,889,29741,63,会员,121,0,0,0,0,0,0,0,0,0,0
2020-04-25 05:14:37,新vtuber,27265302,无,无,3813,3810,889,29739,63,会员,130,0,0,0,0,0,0,0,0,0,0
2020-04-25 06:19:30,新vtuber,27265302,无,无,3813,3810,889,29739,63,会员,140,0,0,0,0,0,0,0,0,0,0
2020-04-25 07:24:47,新vtuber,27265302,无,无,3813,3810,889,29739,63,会员,147,0,0,0,0,0,0,0,0,0,0
2020-04-26 02:40:34,新vtuber,27265302,无,无,3832,3829,894,29907,63,会员,103,0,0,0,0,0,0,0,0,0,0
2020-04-26 03:45:58,新vtuber,27265302,无,无,3834,3829,894,29921,63,会员,135,0,0,0,0,0,0,0,0,0,0
2020-04-26 04:50:32,新vtuber,27265302,无,无,3836,3829,896,29935,63,会员,147,0,0,0,0,0,0,0,0,0,0
2020-04-26 05:54:51,新vtuber,27265302,无,无,3836,3829,896,29935,63,会员,158,0,0,0,0,0,0,0,0,0,0
2020-04-26 06:59:19,新vtuber,27265302,无,无,3836,3829,896,29935,63,会员,168,0,0,0,0,0,0,0,0,0,0
2020-04-26 08:04:01,新vtuber,27265302,无,无,3837,3829,896,29938,63,会员,197,0,0,0,0,0,0,0,0,0,0
2020-04-26 09:10:05,新vtuber,27265302,无,无,3837,3829,898,29946,63,会员,232,0,0,0,0,0,0,0,0,0,0
2020-04-26 10:16:36,新vtuber,27265302,无,无,3838,3829,898,29973,63,会员,282,0,0,0,0,0,0,0,0,0,0
2020-04-26 11:22:34,新vtuber,27265302,无,无,3839,3829,898,29981,63,会员,312,0,0,0,0,0,0,0,0,0,0
2020-04-26 12:28:50,新vtuber,27265302,无,无,3839,3829,898,29981,63,会员,336,0,0,0,0,0,0,0,0,0,0
2020-04-26 13:36:38,新vtuber,27265302,无,无,3839,3829,898,29988,63,会员,356,0,0,0,0,0,0,0,0,0,0
2020-04-26 14:47:34,新vtuber,27265302,无,无,3841,3829,898,29995,63,会员,390,0,0,0,0,0,0,0,0,0,0
2020-04-26 15:57:14,新vtuber,27265302,无,无,3843,3829,898,30010,63,会员,403,0,0,0,0,0,0,0,0,0,0
2020-04-26 17:14:15,新vtuber,27265302,无,无,3843,3829,899,30018,63,会员,414,0,0,0,0,0,0,0,0,0,0
2020-04-26 18:21:40,新vtuber,27265302,无,无,3845,3829,899,30047,63,会员,427,0,0,0,0,0,0,0,0,0,0
2020-04-26 19:29:20,新vtuber,27265302,无,无,3845,3829,899,30050,63,会员,436,0,0,0,0,0,0,0,0,0,0
2020-04-26 20:35:48,新vtuber,27265302,无,无,3846,3829,900,30058,63,会员,443,0,0,0,0,0,0,0,0,0,0
2020-04-26 21:44:15,新vtuber,27265302,无,无,3847,3829,901,30074,63,会员,460,0,0,0,0,0,0,0,0,0,0
2020-04-26 22:51:19,新vtuber,27265302,无,无,3848,3829,901,30098,63,会员,474,0,0,0,0,0,0,0,0,0,0
2020-04-27 00:00:30,新vtuber,27265302,无,无,3848,3829,902,30116,63,会员,492,0,0,0,0,0,0,0,0,0,0
2020-04-27 01:06:18,新vtuber,27265302,无,无,3848,3848,901,30125,63,会员,7,0,0,0,0,0,0,0,0,0,0
2020-04-27 02:14:27,新vtuber,27265302,无,无,3848,3848,896,30139,63,会员,74,0,0,0,0,0,0,0,0,0,0
2020-04-27 03:19:27,新vtuber,27265302,无,无,3848,3848,896,30147,63,会员,108,0,0,0,0,0,0,0,0,0,0
2020-04-27 04:24:05,新vtuber,27265302,无,无,3848,3848,896,30147,63,会员,120,0,0,0,0,0,0,0,0,0,0
2020-04-27 05:28:34,新vtuber,27265302,无,无,3847,3848,896,30149,63,会员,129,0,0,0,0,0,0,0,0,0,0
2020-04-27 06:33:04,新vtuber,27265302,无,无,3847,3848,896,30148,63,会员,137,0,0,0,0,0,0,0,0,0,0
2020-04-27 07:37:49,新vtuber,27265302,无,无,3847,3848,896,30149,63,会员,158,0,0,0,0,0,0,0,0,0,0
2020-04-27 08:42:50,新vtuber,27265302,无,无,3848,3848,896,30168,63,会员,190,0,0,0,0,0,0,0,0,0,0
2020-04-27 09:48:45,新vtuber,27265302,无,无,3850,3848,896,30175,63,会员,249,0,0,0,0,0,0,0,0,0,0
2020-04-27 10:57:43,新vtuber,27265302,无,无,3850,3848,897,30181,63,会员,289,0,0,0,0,0,0,0,0,0,0
2020-04-27 12:06:12,新vtuber,27265302,无,无,3851,3848,898,30187,63,会员,318,0,0,0,0,0,0,0,0,0,0
2020-04-27 13:13:11,新vtuber,27265302,无,无,3851,3848,898,30192,63,会员,342,0,0,0,0,0,0,0,0,0,0
2020-04-27 14:20:05,新vtuber,27265302,无,无,3852,3848,898,30203,63,会员,358,0,0,0,0,0,0,0,0,0,0
2020-04-27 15:28:38,新vtuber,27265302,无,无,3853,3848,899,30206,63,会员,375,0,0,0,0,0,0,0,0,0,0
2020-04-27 16:37:24,新vtuber,27265302,无,无,3853,3848,899,30213,63,会员,387,0,0,0,0,0,0,0,0,0,0
2020-04-27 17:47:47,新vtuber,27265302,无,无,3854,3848,898,30216,63,会员,400,0,0,0,0,0,0,0,0,0,0
2020-04-27 18:54:40,新vtuber,27265302,无,无,3855,3848,898,30219,63,会员,415,0,0,0,0,0,0,0,0,0,0
2020-04-27 20:03:32,新vtuber,27265302,无,无,3856,3848,898,30227,63,会员,426,0,0,0,0,0,0,0,0,0,0
2020-04-27 21:12:27,新vtuber,27265302,无,无,3856,3848,898,30232,63,会员,431,0,0,0,0,0,0,0,0,0,0
2020-04-27 22:21:09,新vtuber,27265302,无,无,3856,3848,899,30239,63,会员,437,0,0,0,0,0,0,0,0,0,0
2020-04-27 23:27:50,新vtuber,27265302,无,无,3857,3848,899,30246,63,会员,452,0,0,0,0,0,0,0,0,0,0
2020-04-28 00:34:42,新vtuber,27265302,无,无,3859,3848,899,30251,63,会员,472,0,0,0,0,0,0,0,0,0,0
2020-04-28 01:42:58,新vtuber,27265302,无,无,3861,3859,899,30254,63,会员,32,0,0,0,0,0,0,0,0,0,0
2020-04-28 02:47:43,新vtuber,27265302,无,无,3861,3859,900,30258,63,会员,84,0,0,0,0,0,0,0,0,0,0
2020-04-28 03:52:23,新vtuber,27265302,无,无,3862,3859,900,30259,63,会员,109,0,0,0,0,0,0,0,0,0,0
2020-04-28 04:57:50,新vtuber,27265302,无,无,3862,3859,900,30259,63,会员,119,0,0,0,0,0,0,0,0,0,0
2020-04-28 06:02:18,新vtuber,27265302,无,无,3862,3859,900,30259,63,会员,124,0,0,0,0,0,0,0,0,0,0
2020-04-28 10:48:06,新vtuber,27265302,无,无,3865,3859,902,30288,63,会员,250,0,0,0,0,0,0,0,0,0,0
2020-04-28 12:06:18,新vtuber,27265302,无,无,3864,3859,903,30301,63,会员,282,0,0,0,0,0,0,0,0,0,0
2020-04-28 13:16:25,新vtuber,27265302,无,无,3864,3859,903,30304,63,会员,297,0,0,0,0,0,0,0,0,0,0
2020-04-28 14:25:16,新vtuber,27265302,无,无,3863,3859,903,30309,63,会员,317,0,0,0,0,0,0,0,0,0,0
2020-04-28 15:37:51,新vtuber,27265302,无,无,3864,3859,903,30310,63,会员,335,0,0,0,0,0,0,0,0,0,0
2020-04-28 16:49:00,新vtuber,27265302,无,无,3865,3859,903,30310,63,会员,344,0,0,0,0,0,0,0,0,0,0
2020-04-28 18:04:13,新vtuber,27265302,无,无,3866,3859,903,30314,63,会员,360,0,0,0,0,0,0,0,0,0,0
2020-04-28 19:20:29,新vtuber,27265302,无,无,3868,3859,903,30330,63,会员,376,0,0,0,0,0,0,0,0,0,0
2020-04-28 20:29:18,新vtuber,27265302,无,无,3868,3859,903,30335,63,会员,391,0,0,0,0,0,0,0,0,0,0
2020-04-28 21:39:28,新vtuber,27265302,无,无,3868,3859,904,30341,63,会员,404,0,0,0,0,0,0,0,0,0,0
2020-04-28 22:51:58,新vtuber,27265302,无,无,3869,3859,904,30348,63,会员,415,0,0,0,0,0,0,0,0,0,0
2020-04-29 00:01:38,新vtuber,27265302,无,无,3870,3859,904,30352,63,会员,430,0,0,0,0,0,0,0,0,0,0
2020-04-29 01:10:54,新vtuber,27265302,无,无,3870,3870,906,30368,63,会员,17,0,0,0,0,0,0,0,0,0,0
2020-04-29 02:20:07,新vtuber,27265302,无,无,3869,3870,906,30373,63,会员,61,0,0,0,0,0,0,0,0,0,0
2020-04-29 10:44:28,新vtuber,27265302,无,无,3871,3870,907,30389,63,会员,236,0,0,0,0,0,0,0,0,0,0
2020-04-29 11:50:27,新vtuber,27265302,无,无,3871,3870,907,30392,63,会员,267,0,0,0,0,0,0,0,0,0,0
2020-04-29 12:56:02,新vtuber,27265302,无,无,3873,3870,908,30402,63,会员,291,0,0,0,0,0,0,0,0,0,0
2020-04-29 14:02:35,新vtuber,27265302,无,无,3874,3870,908,30404,63,会员,304,0,0,0,0,0,0,0,0,0,0
2020-04-29 15:09:02,新vtuber,27265302,无,无,3875,3870,908,30409,63,会员,316,0,0,0,0,0,0,0,0,0,0
2020-04-29 16:16:47,新vtuber,27265302,无,无,3874,3870,908,30409,63,会员,324,0,0,0,0,0,0,0,0,0,0
2020-04-29 17:26:30,新vtuber,27265302,无,无,3874,3870,908,30409,63,会员,335,0,0,0,0,0,0,0,0,0,0
2020-04-29 18:35:20,新vtuber,27265302,无,无,3874,3870,908,30411,63,会员,349,0,0,0,0,0,0,0,0,0,0
2020-04-29 19:41:17,新vtuber,27265302,无,无,3874,3870,908,30413,63,会员,359,0,0,0,0,0,0,0,0,0,0
2020-04-29 20:58:21,新vtuber,27265302,无,无,3874,3870,908,30417,63,会员,371,0,0,0,0,0,0,0,0,0,0
2020-04-29 22:07:17,新vtuber,27265302,无,无,3874,3870,908,30418,63,会员,388,0,0,0,0,0,0,0,0,0,0
2020-04-29 23:17:30,新vtuber,27265302,无,无,3874,3870,909,30422,63,会员,405,0,0,0,0,0,0,0,0,0,0
2020-04-30 00:25:42,新vtuber,27265302,无,无,3873,3870,911,30432,64,会员,427,0,0,0,0,0,0,0,0,0,0
2020-04-30 01:32:56,新vtuber,27265302,无,无,3877,3875,911,30445,64,会员,33,0,0,0,0,0,0,0,0,0,0
2020-04-30 02:37:55,新vtuber,27265302,无,无,3876,3875,911,30456,64,会员,88,0,0,0,0,0,0,0,0,0,0
2020-04-30 03:42:21,新vtuber,27265302,无,无,3876,3875,912,30464,64,会员,110,0,0,0,0,0,0,0,0,0,0
2020-04-30 04:46:59,新vtuber,27265302,无,无,3877,3875,912,30466,64,会员,117,0,0,0,0,0,0,0,0,0,0
2020-04-30 05:51:41,新vtuber,27265302,无,无,3877,3875,912,30467,64,会员,122,0,0,0,0,0,0,0,0,0,0
2020-04-30 06:56:20,新vtuber,27265302,无,无,3877,3875,912,30469,64,会员,134,0,0,0,0,0,0,0,0,0,0
2020-04-30 08:01:58,新vtuber,27265302,无,无,3877,3875,912,30469,64,会员,155,0,0,0,0,0,0,0,0,0,0
2020-04-30 09:06:57,新vtuber,27265302,无,无,3877,3875,912,30470,64,会员,182,0,0,0,0,0,0,0,0,0,0
2020-04-30 14:00:51,新vtuber,27265302,无,无,3880,3875,912,30502,64,会员,314,0,0,0,0,0,0,0,0,0,0
2020-04-30 15:07:44,新vtuber,27265302,无,无,3880,3875,912,30509,64,会员,329,0,0,0,0,0,0,0,0,0,0
2020-04-30 16:13:19,新vtuber,27265302,无,无,3881,3875,912,30511,64,会员,342,0,0,0,0,0,0,0,0,0,0
2020-04-30 17:20:26,新vtuber,27265302,无,无,3882,3875,913,30519,64,会员,353,0,0,0,0,0,0,0,0,0,0
2020-04-30 18:33:46,新vtuber,27265302,无,无,3880,3875,913,30524,64,会员,371,0,0,0,0,0,0,0,0,0,0
2020-04-30 19:39:32,新vtuber,27265302,无,无,3881,3875,913,30528,64,会员,383,0,0,0,0,0,0,0,0,0,0
2020-04-30 20:47:03,新vtuber,27265302,无,无,3882,3875,913,30530,64,会员,397,0,0,0,0,0,0,0,0,0,0
2020-04-30 21:54:00,新vtuber,27265302,无,无,3883,3875,913,30533,64,会员,411,0,0,0,0,0,0,0,0,0,0
2020-04-30 23:03:28,新vtuber,27265302,无,无,3883,3875,913,30538,64,会员,422,0,0,0,0,0,0,0,0,0,0
2020-05-01 00:12:11,新vtuber,27265302,无,无,3884,3875,914,30546,64,会员,444,0,0,0,0,0,0,0,0,0,0
2020-05-01 01:19:43,新vtuber,27265302,无,无,3887,3886,916,30557,64,会员,29,0,0,0,0,0,0,0,0,0,0
2020-05-01 02:26:06,新vtuber,27265302,无,无,3889,3886,916,30571,64,会员,80,0,0,0,0,0,0,0,0,0,0
2020-05-01 03:30:24,新vtuber,27265302,无,无,3889,3886,917,30577,64,会员,124,0,0,0,0,0,0,0,0,0,0
2020-05-01 04:34:55,新vtuber,27265302,无,无,3890,3886,917,30579,64,会员,140,0,0,0,0,0,0,0,0,0,0
2020-05-01 05:39:31,新vtuber,27265302,无,无,3889,3886,917,30580,64,会员,151,0,0,0,0,0,0,0,0,0,0
2020-05-01 06:43:59,新vtuber,27265302,无,无,3890,3886,917,30581,64,会员,160,0,0,0,0,0,0,0,0,0,0
2020-05-01 07:48:37,新vtuber,27265302,无,无,3890,3886,917,30581,64,会员,177,0,0,0,0,0,0,0,0,0,0
2020-05-01 08:53:44,新vtuber,27265302,无,无,3890,3886,917,30583,64,会员,200,0,0,0,0,0,0,0,0,0,0
2020-05-01 09:59:16,新vtuber,27265302,无,无,3890,3886,917,30587,64,会员,237,0,0,0,0,0,0,0,0,0,0
2020-05-01 11:05:24,新vtuber,27265302,无,无,3892,3886,917,30592,64,会员,276,0,0,0,0,0,0,0,0,0,0
2020-05-01 12:11:40,新vtuber,27265302,无,无,3893,3886,917,30595,64,会员,298,0,0,0,0,0,0,0,0,0,0
2020-05-01 13:17:36,新vtuber,27265302,无,无,3894,3886,917,30596,64,会员,316,0,0,0,0,0,0,0,0,0,0
2020-05-01 14:23:21,新vtuber,27265302,无,无,3893,3886,917,30597,64,会员,337,0,0,0,0,0,0,0,0,0,0
2020-05-01 15:32:46,新vtuber,27265302,无,无,3894,3886,917,30598,64,会员,347,0,0,0,0,0,0,0,0,0,0
2020-05-01 16:42:22,新vtuber,27265302,无,无,3894,3886,917,30600,64,会员,360,0,0,0,0,0,0,0,0,0,0
2020-05-01 17:49:52,新vtuber,27265302,无,无,3894,3886,919,30605,64,会员,371,0,0,0,0,0,0,0,0,0,0
2020-05-01 18:56:46,新vtuber,27265302,无,无,3894,3886,919,30609,64,会员,385,0,0,0,0,0,0,0,0,0,0
2020-05-01 20:04:31,新vtuber,27265302,无,无,3894,3886,920,30630,64,会员,394,0,0,0,0,0,0,0,0,0,0
2020-05-01 21:14:55,新vtuber,27265302,无,无,3896,3886,920,30643,64,会员,402,0,0,0,0,0,0,0,0,0,0
2020-05-01 22:25:51,新vtuber,27265302,无,无,3897,3886,920,30646,64,会员,418,0,0,0,0,0,0,0,0,0,0
2020-05-01 23:36:58,新vtuber,27265302,无,无,3900,3886,921,30652,64,会员,438,0,0,0,0,0,0,0,0,0,0
2020-05-02 00:43:27,新vtuber,27265302,无,无,3901,3886,921,30661,64,会员,454,0,0,0,0,0,0,0,0,0,0
2020-05-02 01:51:23,新vtuber,27265302,无,无,3901,3900,920,30687,64,会员,44,0,0,0,0,0,0,0,0,0,0
2020-05-02 02:57:15,新vtuber,27265302,无,无,3904,3900,920,30692,64,会员,98,0,0,0,0,0,0,0,0,0,0
2020-05-02 04:01:55,新vtuber,27265302,无,无,3905,3900,920,30693,64,会员,119,0,0,0,0,0,0,0,0,0,0
2020-05-02 05:06:30,新vtuber,27265302,无,无,3905,3900,920,30693,64,会员,130,0,0,0,0,0,0,0,0,0,0
2020-05-02 06:10:40,新vtuber,27265302,无,无,3905,3900,920,30693,64,会员,134,0,0,0,0,0,0,0,0,0,0
2020-05-02 07:14:55,新vtuber,27265302,无,无,3906,3900,920,30700,64,会员,147,0,0,0,0,0,0,0,0,0,0
2020-05-02 08:19:42,新vtuber,27265302,无,无,3906,3900,920,30701,64,会员,169,0,0,0,0,0,0,0,0,0,0
2020-05-02 09:25:11,新vtuber,27265302,无,无,3907,3900,920,30707,64,会员,215,0,0,0,0,0,0,0,0,0,0
2020-05-02 10:30:31,新vtuber,27265302,无,无,3910,3900,920,30711,64,会员,254,0,0,0,0,0,0,0,0,0,0
2020-05-03 03:42:21,新vtuber,27265302,无,无,3923,3917,927,30839,64,会员,121,0,0,0,0,0,0,0,0,0,0
2020-05-03 04:47:31,新vtuber,27265302,无,无,3923,3917,927,30839,64,会员,129,0,0,0,0,0,0,0,0,0,0
2020-05-03 05:51:48,新vtuber,27265302,无,无,3923,3917,927,30840,64,会员,136,0,0,0,0,0,0,0,0,0,0
2020-05-03 06:56:17,新vtuber,27265302,无,无,3923,3917,927,30841,64,会员,144,0,0,0,0,0,0,0,0,0,0
2020-05-03 08:01:40,新vtuber,27265302,无,无,3923,3917,927,30842,64,会员,164,0,0,0,0,0,0,0,0,0,0
2020-05-03 09:06:29,新vtuber,27265302,无,无,3923,3917,927,30843,64,会员,197,0,0,0,0,0,0,0,0,0,0
2020-05-03 10:13:33,新vtuber,27265302,无,无,3926,3917,927,30844,64,会员,241,0,0,0,0,0,0,0,0,0,0
2020-05-03 11:19:21,新vtuber,27265302,无,无,3926,3917,927,30845,64,会员,270,0,0,0,0,0,0,0,0,0,0
2020-05-03 12:25:56,新vtuber,27265302,无,无,3928,3917,927,30857,64,会员,290,0,0,0,0,0,0,0,0,0,0
2020-05-03 13:37:18,新vtuber,27265302,无,无,3928,3917,927,30865,64,会员,309,0,0,0,0,0,0,0,0,0,0
2020-05-03 14:46:09,新vtuber,27265302,无,无,3929,3917,927,30871,64,会员,335,0,0,0,0,0,0,0,0,0,0
2020-05-03 15:54:48,新vtuber,27265302,无,无,3931,3917,927,30874,64,会员,347,0,0,0,0,0,0,0,0,0,0
2020-05-03 17:01:28,新vtuber,27265302,无,无,3931,3917,924,30875,64,会员,370,0,0,0,0,0,0,0,0,0,0
2020-05-03 18:08:46,新vtuber,27265302,无,无,3931,3917,924,30880,64,会员,383,0,0,0,0,0,0,0,0,0,0
2020-05-03 19:15:47,新vtuber,27265302,无,无,3931,3917,923,30883,64,会员,388,0,0,0,0,0,0,0,0,0,0
2020-05-03 20:23:33,新vtuber,27265302,无,无,3931,3917,922,30883,64,会员,396,0,0,0,0,0,0,0,0,0,0
2020-05-03 21:32:03,新vtuber,27265302,无,无,3932,3917,922,30890,64,会员,403,0,0,0,0,0,0,0,0,0,0
2020-05-03 22:40:15,新vtuber,27265302,无,无,3932,3917,924,30900,64,会员,411,0,0,0,0,0,0,0,0,0,0
2020-05-03 23:49:41,新vtuber,27265302,无,无,3932,3917,925,30918,64,会员,424,0,0,0,0,0,0,0,0,0,0
2020-05-04 01:01:55,新vtuber,27265302,无,无,3934,3934,926,30930,64,会员,5,0,0,0,0,0,0,0,0,0,0
2020-05-04 02:08:23,新vtuber,27265302,无,无,3936,3934,926,30939,64,会员,66,0,0,0,0,0,0,0,0,0,0
2020-05-04 03:13:11,新vtuber,27265302,无,无,3937,3934,926,30943,64,会员,102,0,0,0,0,0,0,0,0,0,0
2020-05-04 04:19:00,新vtuber,27265302,无,无,3938,3934,926,30951,64,会员,116,0,0,0,0,0,0,0,0,0,0
2020-05-04 05:23:43,新vtuber,27265302,无,无,3938,3934,926,30952,64,会员,126,0,0,0,0,0,0,0,0,0,0
2020-05-04 06:28:06,新vtuber,27265302,无,无,3938,3934,926,30952,64,会员,131,0,0,0,0,0,0,0,0,0,0
2020-05-04 07:32:53,新vtuber,27265302,无,无,3937,3934,925,30951,64,会员,150,0,0,0,0,0,0,0,0,0,0
2020-05-04 08:38:45,新vtuber,27265302,无,无,3937,3934,925,30952,64,会员,187,0,0,0,0,0,0,0,0,0,0
2020-05-04 09:44:45,新vtuber,27265302,无,无,3937,3934,925,30953,64,会员,223,0,0,0,0,0,0,0,0,0,0
2020-05-04 10:50:44,新vtuber,27265302,无,无,3938,3934,925,30957,64,会员,264,0,0,0,0,0,0,0,0,0,0
2020-05-04 11:56:57,新vtuber,27265302,无,无,3938,3934,925,30961,64,会员,289,0,0,0,0,0,0,0,0,0,0
2020-05-04 13:04:15,新vtuber,27265302,无,无,3937,3934,925,30970,64,会员,318,0,0,0,0,0,0,0,0,0,0
2020-05-04 14:11:19,新vtuber,27265302,无,无,3938,3934,925,30980,64,会员,342,0,0,0,0,0,0,0,0,0,0
2020-05-04 15:22:00,新vtuber,27265302,无,无,3939,3934,925,30983,64,会员,354,0,0,0,0,0,0,0,0,0,0
2020-05-04 16:28:53,新vtuber,27265302,无,无,3940,3934,926,30994,64,会员,373,0,0,0,0,0,0,0,0,0,0
2020-05-04 17:35:37,新vtuber,27265302,无,无,3941,3934,926,30995,64,会员,383,0,0,0,0,0,0,0,0,0,0
2020-05-04 18:45:49,新vtuber,27265302,无,无,3941,3934,926,30999,64,会员,390,0,0,0,0,0,0,0,0,0,0
2020-05-04 19:51:24,新vtuber,27265302,无,无,3942,3934,926,31002,64,会员,399,0,0,0,0,0,0,0,0,0,0
2020-05-04 20:57:04,新vtuber,27265302,无,无,3943,3934,926,31003,64,会员,410,0,0,0,0,0,0,0,0,0,0
2020-05-04 22:03:35,新vtuber,27265302,无,无,3943,3934,926,31005,64,会员,417,0,0,0,0,0,0,0,0,0,0
2020-05-04 23:09:39,新vtuber,27265302,无,无,3943,3934,926,31006,64,会员,424,0,0,0,0,0,0,0,0,0,0
2020-05-05 00:19:50,新vtuber,27265302,无,无,3948,3934,928,31025,64,会员,453,0,0,0,0,0,0,0,0,0,0
2020-05-05 01:26:14,新vtuber,27265302,无,无,3946,3948,929,31073,64,会员,27,0,0,0,0,0,0,0,0,0,0
2020-05-05 02:31:36,新vtuber,27265302,无,无,3950,3948,929,31109,64,会员,90,0,0,0,0,0,0,0,0,0,0
2020-05-05 03:36:07,新vtuber,27265302,无,无,3950,3948,929,31118,64,会员,123,0,0,0,0,0,0,0,0,0,0
2020-05-05 04:40:36,新vtuber,27265302,无,无,3950,3948,929,31120,64,会员,137,0,0,0,0,0,0,0,0,0,0
2020-05-05 05:45:19,新vtuber,27265302,无,无,3950,3948,929,31121,64,会员,147,0,0,0,0,0,0,0,0,0,0
2020-05-05 06:49:51,新vtuber,27265302,无,无,3950,3948,929,31121,64,会员,159,0,0,0,0,0,0,0,0,0,0
2020-05-05 07:54:12,新vtuber,27265302,无,无,3950,3948,929,31123,64,会员,177,0,0,0,0,0,0,0,0,0,0
2020-05-05 08:58:45,新vtuber,27265302,无,无,3950,3948,929,31125,64,会员,211,0,0,0,0,0,0,0,0,0,0
2020-05-05 10:04:45,新vtuber,27265302,无,无,3951,3948,930,31129,64,会员,243,0,0,0,0,0,0,0,0,0,0
2020-05-05 11:11:18,新vtuber,27265302,无,无,3951,3948,930,31132,64,会员,278,0,0,0,0,0,0,0,0,0,0
2020-05-05 12:18:03,新vtuber,27265302,无,无,3956,3948,931,31144,64,会员,307,0,0,0,0,0,0,0,0,0,0
2020-05-05 13:24:05,新vtuber,27265302,无,无,3959,3948,933,31181,64,会员,336,0,0,0,0,0,0,0,0,0,0
2020-05-05 14:33:11,新vtuber,27265302,无,无,3959,3948,934,31209,64,会员,366,0,0,0,0,0,0,0,0,0,0
2020-05-05 15:44:07,新vtuber,27265302,无,无,3960,3948,934,31222,64,会员,383,0,0,0,0,0,0,0,0,0,0
2020-05-05 16:54:06,新vtuber,27265302,无,无,3960,3948,934,31233,64,会员,400,0,0,0,0,0,0,0,0,0,0
2020-05-05 18:00:39,新vtuber,27265302,无,无,3960,3948,935,31237,64,会员,409,0,0,0,0,0,0,0,0,0,0
2020-05-05 19:08:57,新vtuber,27265302,无,无,3963,3948,936,31243,64,会员,416,0,0,0,0,0,0,0,0,0,0
2020-05-05 20:16:24,新vtuber,27265302,无,无,3966,3948,937,31252,64,会员,429,0,0,0,0,0,0,0,0,0,0
2020-05-05 21:23:18,新vtuber,27265302,无,无,3966,3948,939,31259,64,会员,445,0,0,0,0,0,0,0,0,0,0
2020-05-05 22:36:22,新vtuber,27265302,无,无,3968,3948,939,31265,64,会员,454,0,0,0,0,0,0,0,0,0,0
2020-05-05 23:44:08,新vtuber,27265302,无,无,3969,3948,939,31275,64,会员,467,0,0,0,0,0,0,0,0,0,0
2020-05-06 00:52:41,新vtuber,27265302,无,无,3970,3948,942,31305,64,会员,488,0,0,0,0,0,0,0,0,0,0
2020-05-06 01:58:19,新vtuber,27265302,无,无,3972,3970,942,31318,64,会员,48,0,0,0,0,0,0,0,0,0,0
2020-05-06 03:03:24,新vtuber,27265302,无,无,3972,3970,943,31333,64,会员,95,0,0,0,0,0,0,0,0,0,0
2020-05-06 04:08:20,新vtuber,27265302,无,无,3973,3970,943,31337,64,会员,118,0,0,0,0,0,0,0,0,0,0
2020-05-06 05:12:37,新vtuber,27265302,无,无,3973,3970,943,31339,64,会员,132,0,0,0,0,0,0,0,0,0,0
2020-05-06 06:17:05,新vtuber,27265302,无,无,3973,3970,943,31350,64,会员,142,0,0,0,0,0,0,0,0,0,0
2020-05-06 07:21:44,新vtuber,27265302,无,无,3973,3970,943,31350,64,会员,167,0,0,0,0,0,0,0,0,0,0
2020-05-06 08:25:49,新vtuber,27265302,无,无,3973,3970,943,31351,64,会员,192,0,0,0,0,0,0,0,0,0,0
2020-05-06 09:33:51,新vtuber,27265302,无,无,3972,3970,943,31353,64,会员,242,0,0,0,0,0,0,0,0,0,0
2020-05-06 10:42:15,新vtuber,27265302,无,无,3974,3970,943,31356,64,会员,273,0,0,0,0,0,0,0,0,0,0
2020-05-06 11:50:18,新vtuber,27265302,无,无,3975,3970,943,31360,64,会员,291,0,0,0,0,0,0,0,0,0,0
2020-05-06 12:57:43,新vtuber,27265302,无,无,3976,3970,944,31374,64,会员,316,0,0,0,0,0,0,0,0,0,0
2020-05-06 14:06:26,新vtuber,27265302,无,无,3976,3970,944,31378,64,会员,333,0,0,0,0,0,0,0,0,0,0
2020-05-06 15:14:20,新vtuber,27265302,无,无,3976,3970,944,31383,64,会员,341,0,0,0,0,0,0,0,0,0,0
2020-05-06 16:21:43,新vtuber,27265302,无,无,3978,3970,944,31386,64,会员,355,0,0,0,0,0,0,0,0,0,0
2020-05-06 17:29:59,新vtuber,27265302,无,无,3980,3970,944,31410,64,会员,368,0,0,0,0,0,0,0,0,0,0
2020-05-06 18:36:41,新vtuber,27265302,无,无,3982,3970,944,31410,64,会员,375,0,0,0,0,0,0,0,0,0,0
2020-05-06 19:42:12,新vtuber,27265302,无,无,3983,3970,944,31413,64,会员,386,0,0,0,0,0,0,0,0,0,0
2020-05-06 20:48:19,新vtuber,27265302,无,无,3984,3970,944,31415,64,会员,394,0,0,0,0,0,0,0,0,0,0
2020-05-06 21:56:44,新vtuber,27265302,无,无,3986,3970,945,31417,64,会员,405,0,0,0,0,0,0,0,0,0,0
2020-05-06 23:04:05,新vtuber,27265302,无,无,3986,3970,946,31421,64,会员,414,0,0,0,0,0,0,0,0,0,0
2020-05-07 00:10:06,新vtuber,27265302,无,无,3987,3970,946,31422,64,会员,437,0,0,0,0,0,0,0,0,0,0
2020-05-07 01:16:08,新vtuber,27265302,无,无,3988,3987,946,31426,64,会员,19,0,0,0,0,0,0,0,0,0,0
2020-05-07 02:23:17,新vtuber,27265302,无,无,3990,3987,946,31428,64,会员,70,0,0,0,0,0,0,0,0,0,0
2020-05-07 03:27:57,新vtuber,27265302,无,无,3989,3987,946,31430,64,会员,93,0,0,0,0,0,0,0,0,0,0
2020-05-07 04:32:07,新vtuber,27265302,无,无,3989,3987,946,31432,64,会员,110,0,0,0,0,0,0,0,0,0,0
2020-05-07 05:36:10,新vtuber,27265302,无,无,3989,3987,946,31432,64,会员,113,0,0,0,0,0,0,0,0,0,0
2020-05-07 06:40:40,新vtuber,27265302,无,无,3989,3987,946,31433,64,会员,121,0,0,0,0,0,0,0,0,0,0
2020-05-07 07:46:01,新vtuber,27265302,无,无,3989,3987,946,31435,64,会员,139,0,0,0,0,0,0,0,0,0,0
2020-05-07 08:51:09,新vtuber,27265302,无,无,3989,3987,946,31436,64,会员,168,0,0,0,0,0,0,0,0,0,0
2020-05-07 09:56:45,新vtuber,27265302,无,无,3990,3987,946,31441,64,会员,210,0,0,0,0,0,0,0,0,0,0
2020-05-07 11:03:21,新vtuber,27265302,无,无,3991,3987,946,31441,64,会员,243,0,0,0,0,0,0,0,0,0,0
2020-05-07 12:12:27,新vtuber,27265302,无,无,3991,3987,946,31443,64,会员,267,0,0,0,0,0,0,0,0,0,0
2020-05-07 13:21:28,新vtuber,27265302,无,无,3996,3987,947,31454,64,会员,290,0,0,0,0,0,0,0,0,0,0
2020-05-07 14:29:18,新vtuber,27265302,无,无,3999,3987,947,31473,64,会员,317,0,0,0,0,0,0,0,0,0,0
2020-05-07 15:37:10,新vtuber,27265302,无,无,4001,3987,947,31483,64,会员,331,0,0,0,0,0,0,0,0,0,0
2020-05-07 16:45:39,新vtuber,27265302,无,无,4002,3987,947,31483,64,会员,338,0,0,0,0,0,0,0,0,0,0
2020-05-07 17:52:46,新vtuber,27265302,无,无,4003,3987,947,31488,64,会员,344,0,0,0,0,0,0,0,0,0,0
2020-05-07 18:58:56,新vtuber,27265302,无,无,4004,3987,947,31492,64,会员,353,0,0,0,0,0,0,0,0,0,0
2020-05-07 20:05:06,新vtuber,27265302,无,无,4003,3987,948,31496,64,会员,361,0,0,0,0,0,0,0,0,0,0
2020-05-07 21:11:54,新vtuber,27265302,无,无,4005,3987,948,31497,64,会员,378,0,0,0,0,0,0,0,0,0,0
2020-05-07 22:19:59,新vtuber,27265302,无,无,4005,3987,948,31498,64,会员,387,0,0,0,0,0,0,0,0,0,0
2020-05-08 20:44:54,新vtuber,27265302,无,无,4041,4013,941,31566,64,会员,391,0,0,0,0,0,0,0,0,0,0
2020-05-08 21:52:34,新vtuber,27265302,无,无,4046,4013,943,31589,64,会员,404,0,0,0,0,0,0,0,0,0,0
2020-05-09 02:38:11,新vtuber,27265302,无,无,4053,4053,940,31643,64,会员,84,0,0,0,0,0,0,0,0,0,0
2020-05-09 03:42:23,新vtuber,27265302,无,无,4053,4053,941,31646,64,会员,118,0,0,0,0,0,0,0,0,0,0
2020-05-09 04:46:49,新vtuber,27265302,无,无,4053,4053,941,31646,64,会员,121,0,0,0,0,0,0,0,0,0,0
2020-05-09 05:50:55,新vtuber,27265302,无,无,4055,4053,941,31647,64,会员,129,0,0,0,0,0,0,0,0,0,0
2020-05-09 06:54:55,新vtuber,27265302,无,无,4055,4053,941,31647,64,会员,137,0,0,0,0,0,0,0,0,0,0
2020-05-09 07:59:33,新vtuber,27265302,无,无,4055,4053,941,31647,64,会员,157,0,0,0,0,0,0,0,0,0,0
2020-05-09 08:15:31,新vtuber,27265302,无,无,4055,4053,941,31648,64,会员,169,0,0,0,0,0,0,0,0,0,0
