时间,订阅数
2019-09-29 07:17:24,2.68M
2019-09-29 08:17:29,2.68M
2019-09-29 09:17:34,2.68M
2019-09-29 10:17:39,2.68M
2019-09-29 11:17:44,2.68M
2019-09-29 12:17:50,2.68M
2019-09-29 13:17:55,2.67M
2019-09-29 14:18:00,2.67M
2019-09-29 15:18:46,2.67M
2019-09-29 16:18:51,2.67M
2019-09-29 17:18:57,2.67M
2019-09-29 18:19:02,2.67M
2019-09-29 19:19:07,2.67M
2019-09-29 20:19:12,2.67M
2019-09-29 21:19:17,2.67M
2019-09-29 22:19:43,2.67M
2019-09-29 23:19:48,2.67M
2019-09-30 00:19:53,2.67M
2019-09-30 01:19:58,2.67M
2019-09-30 02:20:02,2.67M
2019-09-30 03:20:07,2.67M
2019-09-30 04:20:33,2.67M
2019-09-30 05:20:59,2.67M
2019-09-30 06:21:04,2.67M
2019-09-30 07:21:10,2.67M
2019-09-30 08:21:14,2.67M
2019-09-30 09:21:19,2.67M
2019-09-30 10:21:24,2.67M
2019-09-30 11:21:29,2.67M
2019-09-30 12:21:34,2.67M
2019-09-30 13:22:03,2.67M
2019-09-30 14:22:27,2.67M
2019-09-30 15:22:32,2.67M
2019-09-30 16:22:37,2.67M
2019-09-30 17:23:07,2.67M
2019-09-30 18:23:35,2.67M
2019-09-30 19:23:40,2.67M
2019-09-30 20:23:45,2.67M
2019-09-30 21:23:50,2.67M
2019-09-30 22:24:48,2.67M
2019-09-30 23:25:09,2.67M
2019-10-01 00:25:14,2.67M
2019-10-01 01:25:18,2.67M
2019-10-01 02:25:23,2.67M
2019-10-01 03:25:50,2.67M
2019-10-01 04:25:55,2.67M
2019-10-01 05:26:00,2.67M
2019-10-01 06:26:05,2.67M
2019-10-01 07:26:10,2.67M
2019-10-01 08:26:15,2.67M
2019-10-01 09:26:20,2.67M
2019-10-01 10:26:25,2.67M
2019-10-01 11:26:30,2.67M
2019-10-01 12:26:35,2.67M
2019-10-01 13:27:20,2.67M
2019-10-01 14:27:26,2.67M
2019-10-01 15:28:14,2.67M
2019-10-01 16:28:20,2.67M
2019-10-01 17:28:25,2.67M
2019-10-01 18:28:31,2.67M
2019-10-01 19:28:36,2.67M
2019-10-01 20:29:05,2.67M
2019-10-01 21:29:10,2.67M
2019-10-01 22:29:16,2.67M
2019-10-01 23:29:21,2.67M
2019-10-02 00:30:06,2.67M
2019-10-02 01:30:11,2.67M
2019-10-02 02:30:17,2.67M
2019-10-02 03:30:22,2.67M
2019-10-02 04:30:49,2.67M
2019-10-02 05:31:10,2.67M
2019-10-02 06:31:14,2.67M
2019-10-02 07:31:20,2.67M
2019-10-02 08:31:25,2.67M
2019-10-02 09:31:30,2.67M
2019-10-02 10:31:35,2.67M
2019-10-02 11:31:59,2.67M
2019-10-02 12:32:26,2.67M
2019-10-02 13:32:31,2.67M
2019-10-02 14:32:36,2.67M
2019-10-02 15:32:41,2.67M
2019-10-02 16:32:47,2.67M
2019-10-02 17:33:13,2.67M
2019-10-02 18:33:41,2.67M
2019-10-02 19:34:08,2.67M
2019-10-02 20:34:13,2.67M
2019-10-02 21:34:18,2.67M
2019-10-02 22:34:23,2.67M
2019-10-02 23:34:52,2.67M
2019-10-03 00:34:57,2.67M
2019-10-03 01:35:39,2.67M
2019-10-03 02:35:44,2.67M
2019-10-03 03:35:49,2.67M
2019-10-03 04:36:11,2.67M
2019-10-03 05:36:17,2.67M
2019-10-03 06:36:42,2.67M
2019-10-03 07:36:47,2.67M
2019-10-03 08:36:51,2.67M
2019-10-03 09:36:57,2.67M
2019-10-03 10:37:02,2.67M
2019-10-03 11:37:07,2.67M
2019-10-03 12:37:13,2.67M
2019-10-03 13:37:18,2.67M
2019-10-03 14:37:23,2.67M
2019-10-03 15:37:29,2.67M
2019-10-03 16:37:34,2.67M
2019-10-03 17:37:39,2.67M
2019-10-03 18:37:44,2.67M
2019-10-03 19:37:49,2.67M
2019-10-03 20:37:55,2.67M
2019-10-03 21:38:00,2.67M
2019-10-03 22:38:06,2.67M
2019-10-03 23:38:11,2.67M
2019-10-04 00:38:16,2.67M
2019-10-04 01:38:21,2.67M
2019-10-04 02:38:26,2.67M
2019-10-04 03:38:50,2.67M
2019-10-04 04:38:55,2.67M
2019-10-04 05:39:00,2.67M
2019-10-04 06:39:22,2.67M
2019-10-04 07:39:27,2.67M
2019-10-04 08:39:33,2.67M
2019-10-04 09:39:59,2.67M
2019-10-04 10:40:04,2.67M
2019-10-04 11:40:10,2.67M
2019-10-04 12:40:15,2.67M
2019-10-04 13:40:19,2.67M
2019-10-04 14:40:42,2.67M
2019-10-04 15:40:47,2.67M
2019-10-04 16:40:51,2.67M
2019-10-04 17:41:13,2.67M
2019-10-04 18:41:18,2.67M
2019-10-04 19:41:23,2.67M
2019-10-04 20:41:28,2.67M
2019-10-04 21:41:33,2.67M
2019-10-04 22:41:38,2.67M
2019-10-04 23:41:43,2.67M
2019-10-05 00:41:48,2.67M
2019-10-05 01:42:33,2.67M
2019-10-05 02:43:11,2.67M
2019-10-05 03:43:16,2.67M
2019-10-05 04:43:22,2.67M
2019-10-05 05:44:09,2.67M
2019-10-05 06:44:32,2.67M
2019-10-05 07:44:37,2.67M
2019-10-05 08:44:42,2.67M
2019-10-05 09:44:48,2.67M
2019-10-05 10:44:52,2.67M
2019-10-05 11:44:57,2.67M
2019-10-05 12:45:03,2.67M
2019-10-05 13:45:08,2.67M
2019-10-05 14:45:13,2.67M
2019-10-05 15:45:19,2.67M
2019-10-05 16:45:24,2.67M
2019-10-05 17:45:29,2.67M
2019-10-05 18:45:34,2.67M
2019-10-05 19:45:56,2.67M
2019-10-05 20:46:22,2.67M
2019-10-05 21:46:43,2.67M
2019-10-05 22:46:49,2.67M
2019-10-05 23:46:54,2.67M
2019-10-06 00:46:59,2.67M
2019-10-06 01:47:04,2.67M
2019-10-06 02:47:32,2.67M
2019-10-06 03:47:37,2.67M
2019-10-06 04:48:05,2.67M
2019-10-06 05:48:10,2.67M
2019-10-06 06:48:15,2.67M
2019-10-06 07:48:20,2.67M
2019-10-06 08:48:25,2.67M
2019-10-06 09:48:30,2.67M
2019-10-06 10:48:35,2.67M
2019-10-06 11:48:59,2.67M
2019-10-06 12:49:19,2.67M
2019-10-06 13:49:24,2.67M
2019-10-06 14:49:29,2.67M
2019-10-06 15:49:56,2.67M
2019-10-06 16:50:01,2.67M
2019-10-06 17:50:06,2.67M
2019-10-06 18:50:11,2.67M
2019-10-06 19:50:16,2.67M
2019-10-06 20:50:21,2.67M
2019-10-06 21:50:26,2.67M
2019-10-06 22:50:31,2.67M
2019-10-06 23:50:37,2.67M
2019-10-07 00:50:42,2.67M
2019-10-07 01:50:47,2.67M
2019-10-07 02:50:52,2.67M
2019-10-07 03:50:57,2.67M
2019-10-07 04:51:21,2.67M
2019-10-07 05:51:45,2.67M
2019-10-07 06:51:50,2.67M
2019-10-07 07:51:55,2.67M
时间,订阅数
2019-10-07 08:34:53,2.67M
2019-10-07 09:35:17,2.67M
2019-10-07 10:35:21,2.67M
2019-10-07 11:35:26,2.67M
2019-10-07 12:35:56,2.67M
2019-10-07 13:36:01,2.67M
2019-10-07 14:36:06,2.67M
2019-10-07 15:36:11,2.67M
2019-10-07 16:36:34,2.67M
2019-10-07 17:36:39,2.67M
2019-10-07 18:36:44,2.67M
2019-10-07 19:36:50,2.67M
2019-10-07 20:36:55,2.67M
2019-10-07 21:37:21,2.67M
2019-10-07 22:37:26,2.67M
2019-10-07 23:37:31,2.67M
2019-10-08 00:37:36,2.67M
2019-10-08 01:37:41,2.67M
2019-10-08 02:37:46,2.67M
2019-10-08 03:38:13,2.67M
2019-10-08 04:38:18,2.67M
2019-10-08 05:38:23,2.67M
2019-10-08 06:38:28,2.67M
2019-10-08 07:38:33,2.67M
2019-10-08 08:38:39,2.67M
2019-10-08 09:39:28,2.67M
2019-10-08 10:40:09,2.67M
2019-10-08 11:40:14,2.67M
2019-10-08 12:40:19,2.67M
2019-10-08 13:40:48,2.67M
2019-10-08 14:41:10,2.67M
2019-10-08 15:41:15,2.67M
2019-10-08 16:41:20,2.67M
2019-10-08 17:41:25,2.67M
2019-10-08 18:41:30,2.67M
2019-10-08 19:41:35,2.67M
2019-10-08 20:41:41,2.67M
2019-10-08 21:41:46,2.67M
2019-10-08 22:42:10,2.67M
2019-10-08 23:42:15,2.67M
2019-10-09 00:42:39,2.67M
2019-10-09 01:43:00,2.67M
2019-10-09 02:43:05,2.67M
2019-10-09 03:43:10,2.67M
2019-10-09 04:43:15,2.67M
2019-10-09 05:44:26,2.67M
2019-10-09 06:44:31,2.67M
2019-10-09 07:44:36,2.67M
时间,订阅数
2019-10-10 15:37:42,2.67M
2019-10-10 16:37:47,2.67M
2019-10-10 17:37:52,2.67M
2019-10-10 18:38:16,2.67M
2019-10-10 19:38:21,2.67M
时间,订阅数
2019-10-18 15:10:48,2.67M
2019-10-18 16:10:53,2.67M
2019-10-18 17:10:59,2.67M
2019-10-18 18:11:03,2.67M
2019-10-18 19:11:09,2.67M
2019-10-18 20:11:14,2.67M
2019-10-18 21:11:42,2.67M
2019-10-18 22:12:08,2.67M
2019-10-18 23:12:13,2.67M
2019-10-19 00:12:19,2.67M
2019-10-19 01:12:24,2.67M
2019-10-19 02:12:29,2.67M
2019-10-19 03:12:55,2.67M
2019-10-19 04:13:18,2.67M
2019-10-19 05:13:23,2.67M
2019-10-19 06:13:28,2.67M
2019-10-19 07:13:34,2.67M
2019-10-19 08:13:38,2.67M
2019-10-19 09:13:43,2.67M
2019-10-19 10:13:48,2.67M
2019-10-19 11:13:53,2.67M
2019-10-19 12:13:59,2.67M
2019-10-19 13:14:04,2.67M
2019-10-19 14:14:09,2.67M
2019-10-19 15:14:14,2.67M
2019-10-19 16:14:19,2.67M
2019-10-19 17:14:25,2.67M
2019-10-19 18:15:15,2.67M
2019-10-19 19:16:06,2.67M
2019-10-19 20:16:29,2.67M
2019-10-19 21:16:34,2.67M
2019-10-19 22:16:39,2.67M
2019-10-19 23:17:09,2.67M
2019-10-20 00:17:14,2.67M
2019-10-20 01:17:19,2.67M
2019-10-20 02:17:41,2.67M
2019-10-20 03:17:46,2.67M
2019-10-20 04:18:14,2.67M
2019-10-20 05:19:02,2.67M
2019-10-20 06:19:07,2.67M
2019-10-20 07:19:35,2.67M
2019-10-20 08:20:02,2.67M
2019-10-20 09:20:07,2.67M
2019-10-20 10:20:12,2.67M
2019-10-20 11:20:17,2.67M
2019-10-20 12:20:23,2.67M
2019-10-20 13:20:28,2.67M
2019-10-20 14:20:33,2.67M
2019-10-20 15:20:38,2.67M
2019-10-20 16:20:44,2.67M
2019-10-20 17:20:50,2.67M
2019-10-20 18:20:55,2.67M
2019-10-20 19:21:00,2.67M
2019-10-20 20:21:05,2.67M
2019-10-20 21:21:10,2.67M
2019-10-20 22:21:16,2.67M
2019-10-20 23:21:21,2.67M
2019-10-21 00:21:42,2.67M
2019-10-21 01:22:11,2.67M
2019-10-21 02:22:39,2.67M
2019-10-21 03:22:44,2.67M
2019-10-21 04:22:49,2.67M
2019-10-21 05:23:13,2.67M
2019-10-21 06:23:18,2.67M
2019-10-21 07:23:23,2.67M
2019-10-21 08:23:28,2.67M
2019-10-21 09:23:57,2.67M
2019-10-21 10:24:02,2.67M
2019-10-21 11:24:07,2.67M
2019-10-21 12:24:12,2.67M
2019-10-21 13:24:17,2.67M
2019-10-21 14:24:22,2.67M
2019-10-21 15:24:28,2.67M
2019-10-21 16:24:49,2.67M
2019-10-21 17:24:54,2.67M
2019-10-21 18:24:59,2.67M
2019-10-21 19:25:24,2.67M
2019-10-21 20:25:29,2.67M
2019-10-21 21:25:34,2.67M
2019-10-21 22:25:40,2.67M
2019-10-21 23:26:05,2.67M
2019-10-22 00:26:11,2.67M
2019-10-22 01:26:16,2.67M
2019-10-22 02:26:21,2.67M
2019-10-22 03:26:46,2.67M
