2019-09-03 12:30:56,1185.6万,90.4万,22.5万,9.8,13475人评
2019-09-03 13:30:57,1186万,90.4万,22.5万,9.8,13479人评
2019-09-03 14:30:57,1186.6万,90.4万,22.5万,9.8,13483人评
2019-09-03 15:30:58,1186.9万,90.4万,22.5万,9.8,13487人评
2019-09-03 16:30:58,1187.1万,90.5万,22.5万,9.8,13492人评
2019-09-03 17:30:59,1187.4万,90.5万,22.5万,9.8,13492人评
2019-09-03 18:30:59,1187.7万,90.5万,22.5万,9.8,13496人评
2019-09-03 19:31:00,1188.1万,90.5万,22.5万,9.8,13498人评
2019-09-03 20:31:00,1188.6万,90.5万,22.5万,9.8,13499人评
2019-09-03 21:31:00,1189.1万,90.5万,22.5万,9.8,13505人评
2019-09-03 22:31:01,1189.6万,90.5万,22.5万,9.8,13507人评
2019-09-03 23:31:01,1190.3万,90.6万,22.5万,9.8,13513人评
2019-09-04 00:31:01,1191万,90.6万,22.5万,9.8,13517人评
2019-09-04 01:31:02,1191.7万,90.6万,22.5万,9.8,13524人评
2019-09-04 02:31:02,1192.1万,90.6万,22.5万,9.8,13527人评
2019-09-04 03:31:02,1192.4万,90.6万,22.5万,9.8,13529人评
2019-09-04 04:31:03,1192.5万,90.6万,22.5万,9.8,13529人评
2019-09-04 05:31:03,1192.6万,90.6万,22.5万,9.8,13530人评
2019-09-04 06:31:03,1192.7万,90.6万,22.5万,9.8,13531人评
2019-09-04 07:31:03,1192.8万,90.6万,22.5万,9.8,13531人评
2019-09-04 08:31:04,1192.9万,90.6万,22.6万,9.8,13531人评
2019-09-04 09:31:04,1193.1万,90.6万,22.6万,9.8,13531人评
2019-09-04 10:31:05,1193.3万,90.6万,22.6万,9.8,13532人评
2019-09-04 11:31:05,1193.5万,90.7万,22.6万,9.8,13533人评
2019-09-04 12:31:06,1193.8万,90.7万,22.6万,9.8,13534人评
2019-09-04 13:31:06,1194.3万,90.7万,22.6万,9.8,13538人评
2019-09-04 14:31:06,1194.9万,90.7万,22.6万,9.8,13538人评
2019-09-04 15:31:07,1195.2万,90.7万,22.6万,9.8,13538人评
2019-09-04 16:31:07,1195.4万,90.7万,22.6万,9.8,13540人评
2019-09-04 17:31:07,1195.7万,90.7万,22.6万,9.8,13541人评
2019-09-04 18:31:07,1196万,90.7万,22.6万,9.8,13541人评
2019-09-04 19:31:08,1196.5万,90.7万,22.6万,9.8,13544人评
2019-09-04 20:31:08,1196.9万,90.8万,22.6万,9.8,13547人评
2019-09-04 21:31:08,1197.4万,90.8万,22.6万,9.8,13551人评
2019-09-04 22:31:09,1197.9万,90.8万,22.6万,9.8,13554人评
2019-09-04 23:31:09,1198.6万,90.8万,22.6万,9.8,13558人评
2019-09-05 00:31:09,1199.2万,90.8万,22.6万,9.8,13560人评
2019-09-05 01:31:09,1199.8万,90.8万,22.6万,9.8,13561人评
2019-09-05 02:31:09,1200.2万,90.9万,22.6万,9.8,13563人评
2019-09-05 03:31:10,1200.5万,90.9万,22.6万,9.8,13563人评
2019-09-05 04:31:10,1200.6万,90.9万,22.6万,9.8,13563人评
2019-09-05 05:31:10,1200.7万,90.9万,22.6万,9.8,13563人评
2019-09-05 06:31:11,1200.7万,90.9万,22.6万,9.8,13564人评
2019-09-05 07:31:11,1200.8万,90.9万,22.6万,9.8,13565人评
2019-09-05 08:31:11,1200.9万,90.9万,22.6万,9.8,13566人评
2019-09-05 09:31:12,1201万,90.9万,22.6万,9.8,13566人评
2019-09-05 10:31:12,1201.2万,90.9万,22.6万,9.8,13567人评
2019-09-05 11:31:12,1201.4万,90.9万,22.6万,9.8,13569人评
2019-09-05 12:31:12,1201.6万,90.9万,22.6万,9.8,13570人评
2019-09-05 13:31:13,1202万,90.9万,22.6万,9.8,13571人评
2019-09-05 14:31:13,1202.5万,90.9万,22.6万,9.8,13573人评
2019-09-05 15:31:13,1202.7万,90.9万,22.7万,9.8,13575人评
2019-09-05 16:31:13,1203万,90.9万,22.7万,9.8,13575人评
2019-09-05 17:31:14,1203.2万,90.9万,22.7万,9.8,13575人评
2019-09-05 18:31:14,1203.5万,91万,22.7万,9.8,13579人评
2019-09-05 19:31:15,1203.9万,91万,22.7万,9.8,13579人评
2019-09-05 20:31:15,1204.3万,91万,22.7万,9.8,13583人评
2019-09-05 21:31:15,1204.8万,91万,22.7万,9.8,13589人评
2019-09-05 22:31:16,1205.3万,91万,22.7万,9.8,13592人评
2019-09-05 23:31:16,1205.9万,91万,22.7万,9.8,13594人评
2019-09-06 00:31:16,1206.6万,91万,22.7万,9.8,13597人评
2019-09-06 01:31:16,1207.2万,91.1万,22.7万,9.8,13599人评
2019-09-06 02:31:17,1207.7万,91.1万,22.7万,9.8,13599人评
2019-09-06 03:31:17,1207.9万,91.1万,22.7万,9.8,13602人评
2019-09-06 04:31:17,1208.1万,91.1万,22.7万,9.8,13603人评
2019-09-06 05:31:18,1208.2万,91.1万,22.7万,9.8,13603人评
2019-09-06 06:31:18,1208.3万,91.1万,22.7万,9.8,13605人评
2019-09-06 07:31:18,1208.4万,91.1万,22.7万,9.8,13605人评
2019-09-06 08:31:19,1208.5万,91.1万,22.7万,9.8,13606人评
2019-09-06 09:31:19,1208.7万,91.1万,22.7万,9.8,13606人评
2019-09-06 10:31:20,1208.9万,91.1万,22.7万,9.8,13606人评
2019-09-06 11:31:20,1209.2万,91.1万,22.7万,9.8,13610人评
2019-09-06 12:31:21,1209.6万,91.1万,22.7万,9.8,13612人评
2019-09-06 13:31:21,1210万,91.1万,22.7万,9.8,13613人评
2019-09-06 14:31:22,1210.6万,91.2万,22.7万,9.8,13618人评
2019-09-06 15:31:22,1210.9万,91.2万,22.7万,9.8,13620人评
2019-09-06 16:31:22,1213.6万,91.2万,22.8万,9.8,13627人评
2019-09-06 17:31:22,1217.2万,91.2万,22.9万,9.8,13660人评
2019-09-06 18:31:23,1220.4万,91.2万,22.9万,9.8,13660人评
2019-09-06 19:31:23,1224.5万,91.2万,22.9万,9.8,13720人评
2019-09-06 20:31:23,1229万,91.3万,23万,9.8,13753人评
2019-09-06 21:31:23,1233.7万,91.4万,23万,9.8,13768人评
2019-09-06 22:31:24,1238.4万,91.5万,23.1万,9.8,13803人评
2019-09-06 23:31:24,1242.7万,91.6万,23.1万,9.8,13838人评
2019-09-07 00:31:25,1247.3万,91.7万,23.2万,9.8,13854人评
2019-09-07 01:31:25,1251.3万,91.8万,23.2万,9.8,13876人评
2019-09-07 02:31:25,1253.6万,91.8万,23.2万,9.8,13891人评
2019-09-07 03:31:26,1254.9万,91.9万,23.2万,9.8,13896人评
2019-09-07 04:31:26,1255.6万,91.9万,23.2万,9.8,13908人评
2019-09-07 05:31:27,1256万,91.9万,23.2万,9.8,13909人评
2019-09-07 06:31:27,1256.3万,91.9万,23.2万,9.8,13911人评
2019-09-07 07:31:27,1256.7万,91.9万,23.2万,9.8,13911人评
2019-09-07 08:31:28,1257.4万,91.9万,23.2万,9.8,13911人评
2019-09-07 09:31:28,1258.6万,91.9万,23.2万,9.8,13914人评
2019-09-07 10:31:28,1260.1万,92万,23.2万,9.8,13914人评
2019-09-07 11:31:29,1261.8万,92万,23.2万,9.8,13927人评
2019-09-07 12:31:29,1263.4万,92万,23.7万,9.8,13929人评
2019-09-07 13:31:29,1265.4万,92.1万,23.7万,9.8,13939人评
2019-09-07 14:31:30,1267.3万,92.1万,23.7万,9.8,13951人评
2019-09-07 15:31:30,1269万,92.1万,23.7万,9.8,13959人评
2019-09-07 16:31:32,1270.4万,92.2万,23.8万,9.8,13962人评
2019-09-07 17:31:32,1271.8万,92.2万,23.8万,9.8,13971人评
2019-09-07 18:31:32,1273.2万,92.2万,23.8万,9.8,13977人评
2019-09-07 19:31:33,1274.8万,92.2万,23.8万,9.8,13991人评
2019-09-07 20:31:33,1276.3万,92.3万,23.8万,9.8,13993人评
2019-09-07 21:31:33,1277.9万,92.3万,23.8万,9.8,14002人评
2019-09-07 22:31:34,1279.6万,92.3万,23.9万,9.8,14012人评
2019-09-07 23:31:34,1281.4万,92.4万,23.9万,9.8,14019人评
2019-09-08 00:31:34,1283.4万,92.4万,23.9万,9.8,14031人评
2019-09-08 01:31:36,1284.9万,92.5万,23.9万,9.8,14038人评
2019-09-08 02:31:36,1286万,92.5万,23.9万,9.8,14041人评
2019-09-08 03:31:37,1286.7万,92.5万,24万,9.8,14050人评
2019-09-08 04:31:37,1287.1万,92.5万,24万,9.8,14050人评
2019-09-08 05:31:37,1287.3万,92.5万,24万,9.8,14051人评
2019-09-08 06:31:37,1287.5万,92.5万,24万,9.8,14052人评
2019-09-08 07:31:37,1287.7万,92.5万,24万,9.8,14053人评
2019-09-08 08:31:38,1288万,92.5万,24万,9.8,14053人评
2019-09-08 09:31:38,1288.6万,92.5万,24万,9.8,14056人评
2019-09-08 10:31:39,1289.4万,92.5万,24万,9.8,14056人评
2019-09-08 11:31:39,1290.5万,92.6万,24万,9.8,14061人评
2019-09-08 12:31:39,1291.7万,92.6万,24万,9.8,14069人评
2019-09-08 13:31:40,1292.8万,92.6万,24.1万,9.8,14074人评
2019-09-08 14:31:40,1294万,92.6万,24.1万,9.8,14080人评
2019-09-08 15:31:40,1295万,92.6万,24.1万,9.8,14085人评
2019-09-08 16:31:41,1296万,92.7万,24.1万,9.8,14092人评
2019-09-08 17:31:41,1296.9万,92.7万,24.1万,9.8,14093人评
2019-09-08 18:31:41,1297.8万,92.7万,24.1万,9.8,14096人评
2019-09-08 19:31:41,1298.6万,92.7万,24.1万,9.8,14100人评
2019-09-08 20:31:41,1299.4万,92.8万,24.1万,9.8,14102人评
2019-09-08 21:31:42,1300.2万,92.8万,24.1万,9.8,14102人评
2019-09-08 22:31:42,1301.1万,92.8万,24.1万,9.8,14106人评
2019-09-08 23:31:43,1302.2万,92.8万,24.1万,9.8,14114人评
2019-09-09 00:31:44,1303.2万,92.9万,24.2万,9.8,14117人评
2019-09-09 01:31:44,1304.1万,92.9万,24.2万,9.8,14120人评
2019-09-09 02:31:44,1304.7万,92.9万,24.2万,9.8,14125人评
2019-09-09 03:31:45,1305万,92.9万,24.2万,9.8,14127人评
2019-09-09 04:31:45,1305.2万,92.9万,24.2万,9.8,14128人评
2019-09-09 05:31:45,1305.3万,93万,24.2万,9.8,14129人评
2019-09-09 06:31:45,1305.4万,93万,24.2万,9.8,14130人评
2019-09-09 07:31:46,1305.5万,93万,24.2万,9.8,14130人评
2019-09-09 08:31:46,1305.7万,93万,24.2万,9.8,14130人评
2019-09-09 09:31:46,1305.8万,93万,24.2万,9.8,14131人评
2019-09-09 10:31:47,1306.1万,93万,24.2万,9.8,14132人评
2019-09-09 11:31:47,1306.4万,93万,24.2万,9.8,14134人评
2019-09-09 12:31:47,1306.7万,93万,24.2万,9.8,14138人评
2019-09-09 13:31:48,1307.2万,93.1万,24.2万,9.8,14144人评
2019-09-09 14:31:48,1307.9万,93.1万,24.2万,9.8,14148人评
2019-09-09 15:31:49,1308.2万,93.1万,24.2万,9.8,14149人评
2019-09-09 16:31:49,1308.5万,93.1万,24.2万,9.8,14151人评
2019-09-09 17:31:49,1308.8万,93.1万,24.2万,9.8,14152人评
2019-09-09 18:31:50,1309.1万,93.2万,24.2万,9.8,14158人评
2019-09-09 19:31:50,1309.7万,93.2万,24.2万,9.8,14163人评
2019-09-09 20:31:50,1310.2万,93.3万,24.2万,9.8,14163人评
2019-09-09 21:31:51,1310.8万,93.3万,24.2万,9.8,14170人评
2019-09-09 22:31:51,1311.4万,93.3万,24.2万,9.8,14172人评
2019-09-09 23:31:51,1312.1万,93.4万,24.2万,9.8,14175人评
2019-09-10 00:31:51,1312.9万,93.4万,24.2万,9.8,14183人评
2019-09-10 01:31:52,1313.7万,93.5万,24.2万,9.8,14187人评
2019-09-10 02:31:52,1314.1万,93.5万,24.2万,9.8,14188人评
2019-09-10 03:31:53,1314.4万,93.5万,24.2万,9.8,14191人评
2019-09-10 04:31:53,1314.5万,93.6万,24.2万,9.8,14192人评
2019-09-10 05:31:53,1314.6万,93.6万,24.2万,9.8,14193人评
2019-09-10 06:31:53,1314.7万,93.6万,24.2万,9.8,14194人评
2019-09-10 07:31:54,1314.8万,93.6万,24.2万,9.8,14194人评
2019-09-10 08:31:54,1314.9万,93.6万,24.2万,9.8,14194人评
2019-09-10 09:31:54,1315万,93.6万,24.2万,9.8,14194人评
2019-09-10 10:31:55,1315.2万,93.6万,24.2万,9.8,14194人评
2019-09-10 11:31:56,1315.4万,93.6万,24.3万,9.8,14196人评
2019-09-10 12:31:57,1315.7万,93.6万,24.3万,9.8,14198人评
2019-09-10 13:31:57,1316.2万,93.6万,24.3万,9.8,14198人评
2019-09-10 14:31:58,1316.7万,93.6万,24.3万,9.8,14201人评
2019-09-10 15:31:59,1317万,93.7万,24.3万,9.8,14204人评
2019-09-10 16:32:00,1317.2万,93.8万,24.3万,9.8,14207人评
2019-09-10 17:32:00,1317.5万,93.8万,24.3万,9.8,14208人评
2019-09-10 18:32:00,1317.8万,93.9万,24.3万,9.8,14208人评
2019-09-10 19:32:01,1318.2万,93.9万,24.3万,9.8,14212人评
2019-09-10 20:32:01,1318.6万,93.9万,24.3万,9.8,14214人评
2019-09-10 21:32:02,1319.1万,93.9万,24.3万,9.8,14220人评
2019-09-10 22:32:02,1319.5万,93.9万,24.3万,9.8,14221人评
2019-09-10 23:32:02,1320.2万,93.9万,24.3万,9.8,14223人评
2019-09-11 00:32:03,1320.8万,94万,24.3万,9.8,14226人评
2019-09-11 01:32:03,1321.4万,94万,24.3万,9.8,14226人评
2019-09-11 02:32:03,1321.8万,94万,24.3万,9.8,14232人评
2019-09-11 03:32:04,1322万,94万,24.3万,9.8,14234人评
2019-09-11 04:32:04,1322.1万,94万,24.3万,9.8,14235人评
2019-09-11 05:32:04,1322.2万,94万,24.3万,9.8,14235人评
2019-09-11 06:32:04,1322.2万,94万,24.3万,9.8,14236人评
2019-09-11 07:32:05,1322.3万,94万,24.3万,9.8,14236人评
2019-09-11 08:32:05,1322.4万,94万,24.3万,9.8,14236人评
2019-09-11 09:32:05,1322.5万,94万,24.3万,9.8,14237人评
2019-09-11 10:32:06,1322.7万,94万,24.3万,9.8,14237人评
2019-09-11 11:32:06,1322.9万,94万,24.3万,9.8,14239人评
2019-09-11 12:32:06,1323.2万,94万,24.3万,9.8,14242人评
2019-09-11 13:32:07,1323.6万,94万,24.3万,9.8,14243人评
2019-09-11 14:32:07,1324.1万,94万,24.3万,9.8,14245人评
2019-09-11 15:32:08,1324.3万,94万,24.3万,9.8,14247人评
2019-09-11 16:32:08,1324.6万,94.1万,24.3万,9.8,14247人评
2019-09-11 17:32:08,1324.8万,94.1万,24.3万,9.8,14248人评
2019-09-11 18:32:08,1325.1万,94.1万,24.3万,9.8,14248人评
2019-09-11 19:32:08,1325.4万,94.1万,24.3万,9.8,14248人评
2019-09-11 20:32:09,1325.9万,94.1万,24.3万,9.8,14248人评
2019-09-11 21:32:09,1326.4万,94.1万,24.4万,9.8,14249人评
2019-09-11 22:32:10,1326.8万,94.1万,24.4万,9.8,14250人评
2019-09-11 23:32:10,1327.4万,94.1万,24.4万,9.8,14251人评
2019-09-12 00:32:11,1328.1万,94.1万,24.4万,9.8,14255人评
2019-09-12 01:32:11,1328.6万,94.2万,24.4万,9.8,14258人评
2019-09-12 02:32:11,1328.9万,94.2万,24.4万,9.8,14262人评
2019-09-12 03:32:12,1329.1万,94.2万,24.4万,9.8,14263人评
2019-09-12 04:32:12,1329.3万,94.2万,24.4万,9.8,14263人评
2019-09-12 05:32:12,1329.3万,94.2万,24.4万,9.8,14263人评
2019-09-12 06:32:12,1329.4万,94.2万,24.4万,9.8,14263人评
2019-09-12 07:32:13,1329.5万,94.2万,24.4万,9.8,14264人评
2019-09-12 08:32:13,1329.6万,94.2万,24.4万,9.8,14264人评
2019-09-12 09:32:13,1329.7万,94.2万,24.4万,9.8,14264人评
2019-09-12 10:32:13,1329.9万,94.2万,24.4万,9.8,14265人评
2019-09-12 11:32:14,1330万,94.2万,24.4万,9.8,14266人评
2019-09-12 12:32:14,1330.2万,94.2万,24.4万,9.8,14266人评
2019-09-12 13:32:15,1330.6万,94.2万,24.4万,9.8,14269人评
2019-09-12 14:32:16,1331万,94.2万,24.4万,9.8,14270人评
2019-09-12 15:32:16,1331.3万,94.2万,24.4万,9.8,14272人评
2019-09-12 16:32:16,1331.6万,94.2万,24.4万,9.8,14273人评
2019-09-12 17:32:16,1331.9万,94.2万,24.4万,9.8,14273人评
2019-09-12 18:32:17,1332.3万,94.3万,24.4万,9.8,14274人评
2019-09-12 19:32:17,1332.7万,94.3万,24.4万,9.8,14274人评
2019-09-12 20:32:17,1333.3万,94.3万,24.4万,9.8,14274人评
2019-09-12 21:32:18,1334万,94.3万,24.4万,9.8,14280人评
2019-09-12 22:32:19,1334.7万,94.3万,24.4万,9.8,14281人评
2019-09-12 23:32:19,1335.6万,94.3万,24.4万,9.8,14283人评
2019-09-13 00:32:19,1336.5万,94.3万,24.4万,9.8,14285人评
2019-09-13 01:32:20,1337.3万,94.4万,24.4万,9.8,14286人评
2019-09-13 02:32:21,1338万,94.4万,24.4万,9.8,14287人评
2019-09-13 03:32:21,1338.4万,94.4万,24.5万,9.8,14289人评
2019-09-13 04:32:21,1338.7万,94.4万,24.5万,9.8,14289人评
2019-09-13 05:32:22,1338.9万,94.4万,24.5万,9.8,14291人评
2019-09-13 06:32:22,1339万,94.4万,24.5万,9.8,14292人评
2019-09-13 07:32:23,1339.1万,94.4万,24.5万,9.8,14292人评
2019-09-13 08:32:23,1339.4万,94.4万,24.5万,9.8,14293人评
2019-09-13 09:32:24,1339.8万,94.4万,24.5万,9.8,14293人评
2019-09-13 10:32:24,1340.4万,94.4万,24.5万,9.8,14294人评
2019-09-13 11:32:24,1341.2万,94.4万,24.5万,9.8,14297人评
2019-09-13 12:32:24,1341.9万,94.5万,24.5万,9.8,14300人评
2019-09-13 13:32:25,1342.8万,94.5万,24.5万,9.8,14305人评
2019-09-13 14:32:25,1343.8万,94.5万,24.5万,9.8,14310人评
2019-09-13 15:32:25,1344.6万,94.5万,24.5万,9.8,14310人评
2019-09-13 16:32:25,1349.6万,94.5万,24.6万,9.8,14319人评
2019-09-13 17:32:25,1356.5万,94.6万,24.8万,9.8,14394人评
2019-09-13 18:32:26,1362.3万,94.6万,24.8万,9.8,14445人评
2019-09-13 19:32:26,1367.8万,94.7万,24.9万,9.8,14485人评
2019-09-13 20:32:26,1373.5万,94.8万,25.1万,9.8,14550人评
2019-09-13 21:32:26,1378.4万,94.8万,25.2万,9.8,14601人评
2019-09-13 21:58:06,1380.4万,94.9万,25.2万,9.8,14617人评
2019-09-13 22:58:07,1385.3万,95万,25.3万,9.8,14651人评
2019-09-13 23:58:07,1389.6万,95万,25.4万,9.8,14664人评
2019-09-14 00:58:08,1394万,95.1万,25.5万,9.8,14688人评
2019-09-14 01:58:08,1397.6万,95.1万,25.5万,9.8,14761人评
2019-09-14 02:47:40,1399.2万,95.1万,25.5万,9.8,14784人评
2019-09-14 03:05:15,1399.7万,95.2万,25.5万,9.8,14798人评
2019-09-14 03:26:53,1400.1万,95.2万,25.5万,9.8,14801人评
2019-09-14 04:26:53,1400.9万,95.2万,25.5万,9.8,14812人评
2019-09-14 05:26:54,1401.4万,95.2万,25.6万,9.8,14821人评
2019-09-14 06:26:54,1401.7万,95.2万,25.6万,9.8,14824人评
2019-09-14 07:26:54,1402.1万,95.2万,25.6万,9.8,14825人评
2019-09-14 08:26:54,1402.8万,95.2万,25.6万,9.8,14825人评
2019-09-14 09:26:55,1404.1万,95.2万,25.6万,9.8,14826人评
2019-09-14 10:26:55,1406.2万,95.3万,25.6万,9.8,14845人评
2019-09-14 11:26:56,1408.3万,95.3万,25.6万,9.8,14853人评
2019-09-14 12:26:56,1410.3万,95.3万,25.6万,9.8,14867人评
2019-09-14 13:26:56,1412.3万,95.3万,25.7万,9.8,14891人评
2019-09-14 14:26:57,1414.2万,95.4万,25.7万,9.8,14906人评
2019-09-14 14:47:57,1414.9万,95.4万,25.7万,9.8,14906人评
2019-09-14 15:47:58,1416.6万,95.4万,25.7万,9.8,14917人评
2019-09-14 16:47:59,1418万,95.4万,25.7万,9.8,14934人评
2019-09-14 17:47:59,1419.6万,95.4万,25.8万,9.8,14948人评
2019-09-14 18:48:00,1421.2万,95.5万,25.8万,9.8,14960人评
2019-09-14 19:48:00,1422.7万,95.5万,25.8万,9.8,14968人评
2019-09-14 20:48:00,1424.2万,95.5万,25.8万,9.8,14975人评
2019-09-14 21:48:00,1425.7万,95.5万,25.8万,9.8,14988人评
2019-09-14 22:48:01,1427.2万,95.6万,25.8万,9.8,14988人评
2019-09-14 23:48:01,1428.9万,95.6万,25.9万,9.8,15005人评
2019-09-15 00:48:02,1430.7万,95.6万,25.9万,9.8,15025人评
2019-09-15 01:48:03,1432.2万,95.6万,25.9万,9.8,15030人评
2019-09-15 02:48:03,1433.1万,95.7万,25.9万,9.8,15041人评
2019-09-15 03:48:04,1433.8万,95.7万,25.9万,9.8,15049人评
2019-09-15 04:48:04,1434.1万,95.7万,25.9万,9.8,15050人评
2019-09-15 05:48:05,1434.3万,95.7万,25.9万,9.8,15051人评
2019-09-15 06:48:05,1434.5万,95.7万,25.9万,9.8,15057人评
2019-09-15 07:48:05,1434.7万,95.7万,26万,9.8,15057人评
2019-09-15 08:48:06,1435万,95.7万,26万,9.8,15058人评
2019-09-15 09:48:06,1435.6万,95.7万,26万,9.8,15060人评
2019-09-15 10:48:07,1436.5万,95.7万,26万,9.8,15063人评
2019-09-15 11:48:07,1437.4万,95.8万,26万,9.8,15069人评
2019-09-15 12:48:07,1438.5万,95.8万,26万,9.8,15078人评
2019-09-15 13:48:08,1439.8万,95.8万,26万,9.8,15080人评
2019-09-15 14:48:08,1441万,95.8万,26万,9.8,15093人评
2019-09-15 15:48:09,1442万,95.8万,26万,9.8,15100人评
2019-09-15 16:48:09,1442.9万,95.9万,26万,9.8,15104人评
2019-09-15 17:48:10,1443.8万,95.9万,26.1万,9.8,15115人评
2019-09-15 18:48:10,1444.6万,95.9万,26.1万,9.8,15121人评
2019-09-15 19:48:10,1445.5万,95.9万,26.1万,9.8,15125人评
2019-09-15 20:48:11,1446.3万,95.9万,26.1万,9.8,15134人评
2019-09-15 21:48:11,1447.2万,95.9万,26.1万,9.8,15135人评
2019-09-15 22:48:11,1448.1万,96万,26.1万,9.8,15141人评
2019-09-15 23:48:12,1449.2万,96万,26.1万,9.8,15154人评
2019-09-16 00:48:13,1450.3万,96万,26.1万,9.8,15161人评
2019-09-16 01:48:13,1451.1万,96万,26.1万,9.8,15165人评
2019-09-16 02:48:13,1451.7万,96万,26.1万,9.8,15173人评
2019-09-16 03:48:13,1451.9万,96.1万,26.1万,9.8,15174人评
2019-09-16 04:48:14,1452.1万,96.1万,26.1万,9.8,15175人评
2019-09-16 05:48:14,1452.3万,96.1万,26.2万,9.8,15177人评
2019-09-16 06:48:14,1452.4万,96.1万,26.2万,9.8,15178人评
2019-09-16 07:48:14,1452.5万,96.1万,26.2万,9.8,15178人评
2019-09-16 08:48:14,1452.7万,96.1万,26.2万,9.8,15178人评
2019-09-16 09:48:15,1452.9万,96.1万,26.2万,9.8,15179人评
2019-09-16 10:48:15,1453.2万,96.1万,26.2万,9.8,15181人评
2019-09-16 11:48:15,1453.5万,96.1万,26.2万,9.8,15183人评
2019-09-16 12:48:15,1453.9万,96.1万,26.2万,9.8,15187人评
2019-09-16 13:48:16,1454.7万,96.2万,26.2万,9.8,15189人评
2019-09-16 14:48:16,1455.3万,96.2万,26.2万,9.8,15198人评
2019-09-16 15:48:17,1455.7万,96.2万,26.2万,9.8,15203人评
2019-09-16 16:48:17,1456万,96.2万,26.2万,9.8,15205人评
2019-09-16 17:48:18,1456.4万,96.2万,26.2万,9.8,15205人评
2019-09-16 18:48:18,1456.8万,96.2万,26.2万,9.8,15205人评
2019-09-16 19:48:19,1457.4万,96.3万,26.2万,9.8,15208人评
2019-09-16 20:48:19,1457.9万,96.3万,26.2万,9.8,15211人评
2019-09-16 21:48:20,1458.6万,96.3万,26.2万,9.8,15211人评
2019-09-16 22:48:20,1459.2万,96.3万,26.2万,9.8,15214人评
2019-09-16 23:48:21,1460万,96.3万,26.2万,9.8,15226人评
2019-09-17 00:48:22,1460.9万,96.4万,26.2万,9.8,15234人评
2019-09-17 01:48:22,1461.5万,96.4万,26.3万,9.8,15236人评
2019-09-17 02:48:22,1462万,96.4万,26.3万,9.8,15237人评
2019-09-17 03:48:23,1462.2万,96.4万,26.3万,9.8,15237人评
2019-09-17 04:48:23,1462.3万,96.4万,26.3万,9.8,15237人评
2019-09-17 05:48:23,1462.4万,96.4万,26.3万,9.8,15237人评
2019-09-17 06:48:23,1462.5万,96.4万,26.3万,9.8,15238人评
2019-09-17 07:48:24,1462.6万,96.4万,26.3万,9.8,15239人评
2019-09-17 08:48:24,1462.7万,96.4万,26.3万,9.8,15241人评
2019-09-17 09:48:24,1462.8万,96.4万,26.3万,9.8,15241人评
2019-09-17 10:48:24,1463万,96.4万,26.3万,9.8,15242人评
2019-09-17 11:48:24,1463.2万,96.4万,26.3万,9.8,15247人评
2019-09-17 12:48:25,1463.5万,96.4万,26.3万,9.8,15247人评
2019-09-17 13:48:25,1464万,96.4万,26.3万,9.8,15249人评
2019-09-17 14:48:25,1464.5万,96.5万,26.3万,9.8,15250人评
2019-09-17 15:48:25,1464.8万,96.5万,26.3万,9.8,15253人评
2019-09-17 16:48:26,1465万,96.5万,26.3万,9.8,15255人评
2019-09-17 17:48:26,1465.3万,96.5万,26.3万,9.8,15259人评
2019-09-17 18:48:26,1465.6万,96.5万,26.3万,9.8,15263人评
2019-09-17 19:48:26,1466.1万,96.5万,26.3万,9.8,15263人评
2019-09-17 20:48:27,1466.6万,96.5万,26.3万,9.8,15268人评
2019-09-17 21:48:27,1467.1万,96.5万,26.3万,9.8,15275人评
2019-09-17 22:48:27,1467.6万,96.5万,26.3万,9.8,15279人评
2019-09-17 23:48:27,1468.2万,96.5万,26.3万,9.8,15283人评
2019-09-18 00:48:28,1468.9万,96.6万,26.3万,9.8,15289人评
2019-09-18 01:48:28,1469.5万,96.6万,26.3万,9.8,15290人评
2019-09-18 02:48:28,1469.9万,96.6万,26.3万,9.8,15290人评
2019-09-18 03:48:29,1470.1万,96.6万,26.3万,9.8,15292人评
2019-09-18 04:48:29,1470.2万,96.6万,26.3万,9.8,15292人评
2019-09-18 05:48:29,1470.2万,96.6万,26.3万,9.8,15292人评
2019-09-18 06:48:30,1470.3万,96.6万,26.3万,9.8,15293人评
2019-09-18 07:48:30,1470.4万,96.6万,26.3万,9.8,15294人评
2019-09-18 08:48:30,1470.5万,96.6万,26.3万,9.8,15295人评
2019-09-18 09:48:30,1470.7万,96.6万,26.3万,9.8,15295人评
2019-09-18 10:48:31,1470.8万,96.6万,26.3万,9.8,15297人评
2019-09-18 11:48:31,1471.1万,96.6万,26.3万,9.8,15299人评
2019-09-18 12:48:32,1471.3万,96.6万,26.3万,9.8,15299人评
2019-09-18 13:48:34,1471.8万,96.6万,26.3万,9.8,15299人评
2019-09-18 14:48:35,1472.2万,96.6万,26.3万,9.8,15302人评
2019-09-18 15:48:36,1472.5万,96.7万,26.4万,9.8,15304人评
2019-09-18 16:48:37,1472.7万,96.7万,26.4万,9.8,15307人评
2019-09-18 17:48:38,1473万,96.7万,26.4万,9.8,15307人评
2019-09-18 18:48:39,1473.3万,96.7万,26.4万,9.8,15311人评
2019-09-18 19:48:41,1473.8万,96.7万,26.4万,9.8,15313人评
2019-09-18 20:48:42,1474.3万,96.7万,26.4万,9.8,15313人评
2019-09-18 21:48:43,1474.7万,96.7万,26.4万,9.8,15315人评
2019-09-18 22:48:44,1475.3万,96.7万,26.4万,9.8,15316人评
2019-09-18 23:48:46,1475.9万,96.7万,26.4万,9.8,15318人评
2019-09-19 00:48:47,1476.6万,96.8万,26.4万,9.8,15322人评
2019-09-19 01:48:48,1477.2万,96.8万,26.4万,9.8,15327人评
2019-09-19 02:48:50,1477.5万,96.8万,26.4万,9.8,15330人评
2019-09-19 03:48:51,1477.7万,96.8万,26.4万,9.8,15330人评
2019-09-19 04:48:52,1477.8万,96.8万,26.4万,9.8,15331人评
2019-09-19 05:48:53,1477.9万,96.8万,26.4万,9.8,15332人评
2019-09-19 06:48:54,1478万,96.8万,26.4万,9.8,15332人评
2019-09-19 07:48:55,1478.1万,96.8万,26.4万,9.8,15333人评
2019-09-19 08:48:56,1478.2万,96.8万,26.4万,9.8,15334人评
2019-09-19 09:48:58,1478.3万,96.8万,26.4万,9.8,15334人评
2019-09-19 10:48:59,1478.5万,96.8万,26.4万,9.8,15336人评
2019-09-19 11:49:00,1478.7万,96.8万,26.4万,9.8,15339人评
2019-09-19 12:49:02,1479万,96.8万,26.4万,9.8,15340人评
2019-09-19 13:49:03,1479.6万,96.9万,26.4万,9.8,15342人评
2019-09-19 14:49:04,1480万,96.9万,26.4万,9.8,15347人评
2019-09-19 15:49:05,1480.3万,96.9万,26.4万,9.8,15348人评
2019-09-19 16:49:07,1480.5万,96.9万,26.4万,9.8,15348人评
2019-09-19 17:49:08,1480.8万,96.9万,26.4万,9.8,15353人评
2019-09-19 18:49:09,1481.1万,96.9万,26.4万,9.8,15353人评
2019-09-19 19:49:10,1481.5万,96.9万,26.4万,9.8,15354人评
2019-09-19 20:49:12,1482万,96.9万,26.4万,9.8,15354人评
2019-09-19 21:49:13,1482.4万,96.9万,26.4万,9.8,15356人评
2019-09-19 22:49:16,1483万,96.9万,26.4万,9.8,15360人评
2019-09-19 23:49:17,1483.7万,97万,26.4万,9.8,15360人评
2019-09-20 00:49:18,1484.4万,97万,26.4万,9.8,15363人评
2019-09-20 01:49:19,1485万,97万,26.5万,9.8,15368人评
2019-09-20 02:49:20,1485.4万,97万,26.5万,9.8,15370人评
2019-09-20 03:49:22,1485.6万,97万,26.5万,9.8,15371人评
2019-09-20 04:49:23,1485.7万,97万,26.5万,9.8,15372人评
2019-09-20 05:49:24,1485.8万,97万,26.5万,9.8,15373人评
2019-09-20 06:49:25,1485.9万,97万,26.5万,9.8,15373人评
2019-09-20 07:49:26,1486万,97万,26.5万,9.8,15373人评
2019-09-20 08:49:27,1486.2万,97万,26.5万,9.8,15374人评
2019-09-20 09:49:28,1486.3万,97万,26.5万,9.8,15374人评
2019-09-20 10:49:29,1486.6万,97万,26.5万,9.8,15374人评
2019-09-20 11:49:31,1486.8万,97万,26.5万,9.8,15377人评
2019-09-20 12:49:32,1487.1万,97.1万,26.5万,9.8,15377人评
2019-09-20 13:49:33,1487.7万,97.1万,26.5万,9.8,15382人评
2019-09-20 14:49:34,1488.2万,97.1万,26.5万,9.8,15384人评
2019-09-20 15:49:35,1488.5万,97.1万,26.5万,9.8,15386人评
2019-09-20 16:49:36,1491.7万,97.1万,26.6万,9.8,15398人评
2019-09-20 17:49:37,1494.8万,97.1万,26.6万,9.8,15428人评
2019-09-20 18:49:38,1498.3万,97.1万,26.6万,9.8,15449人评
2019-09-20 19:49:40,1502.7万,97.2万,26.7万,9.8,15477人评
2019-09-20 20:49:41,1506.7万,97.3万,26.7万,9.8,15521人评
2019-09-20 21:49:42,1510.5万,97.3万,26.8万,9.8,15538人评
2019-09-20 22:49:43,1514.3万,97.4万,26.8万,9.8,15563人评
2019-09-20 23:49:44,1518.2万,97.5万,26.9万,9.8,15594人评
2019-09-21 00:49:45,1522万,97.5万,26.9万,9.8,15602人评
2019-09-21 01:49:46,1525.2万,97.6万,27万,9.8,15631人评
2019-09-21 02:49:47,1526.9万,97.6万,27万,9.8,15643人评
2019-09-21 03:49:48,1527.9万,97.6万,27.2万,9.8,15657人评
2019-09-21 04:49:49,1528.4万,97.6万,27.2万,9.8,15665人评
2019-09-21 05:49:50,1528.7万,97.6万,27.2万,9.8,15667人评
2019-09-21 06:49:51,1528.9万,97.6万,27.2万,9.8,15668人评
2019-09-21 07:49:53,1529.3万,97.6万,27.2万,9.8,15671人评
2019-09-21 08:49:54,1529.9万,97.7万,27.2万,9.8,15672人评
2019-09-21 09:49:55,1531万,97.7万,27.2万,9.8,15678人评
2019-09-21 10:49:56,1532.2万,97.7万,27.2万,9.8,15686人评
2019-09-21 11:49:58,1533.6万,97.7万,27.2万,9.8,15693人评
2019-09-21 12:49:59,1535.1万,97.7万,27.2万,9.8,15701人评
2019-09-21 13:50:00,1536.9万,97.8万,27.3万,9.8,15705人评
2019-09-21 14:50:01,1538.7万,97.8万,27.3万,9.8,15724人评
2019-09-21 15:50:02,1539.9万,97.8万,27.3万,9.8,15738人评
2019-09-21 16:50:04,1541.2万,97.8万,27.3万,9.8,15751人评
2019-09-21 17:50:05,1542.5万,97.9万,27.3万,9.8,15756人评
2019-09-21 18:50:06,1543.8万,97.9万,27.3万,9.8,15762人评
2019-09-21 19:50:07,1545.3万,97.9万,27.3万,9.8,15770人评
2019-09-21 20:50:08,1546.8万,97.9万,27.4万,9.8,15778人评
2019-09-21 21:50:09,1548.4万,98万,27.4万,9.8,15790人评
2019-09-21 22:50:10,1550万,98万,27.4万,9.8,15798人评
2019-09-21 23:50:11,1551.7万,98万,27.4万,9.8,15810人评
2019-09-22 00:50:13,1553.6万,98万,27.4万,9.8,15819人评
2019-09-22 01:50:14,1554.9万,98.1万,27.5万,9.8,15833人评
2019-09-22 02:50:16,1555.9万,98.1万,27.5万,9.8,15839人评
2019-09-22 03:50:17,1556.4万,98.1万,27.5万,9.8,15840人评
2019-09-22 04:50:18,1556.8万,98.1万,27.5万,9.8,15845人评
2019-09-22 05:50:20,1557万,98.1万,27.5万,9.8,15846人评
2019-09-22 06:50:22,1557.1万,98.1万,27.5万,9.8,15846人评
2019-09-22 07:50:23,1557.3万,98.1万,27.5万,9.8,15847人评
2019-09-22 08:50:24,1557.7万,98.1万,27.5万,9.8,15847人评
2019-09-22 09:50:25,1558.2万,98.1万,27.5万,9.8,15848人评
2019-09-22 10:50:26,1559万,98.1万,27.5万,9.8,15852人评
2019-09-22 11:50:27,1560万,98.2万,27.5万,9.8,15853人评
2019-09-22 12:50:28,1561万,98.2万,27.5万,9.8,15867人评
2019-09-22 13:50:29,1562.1万,98.2万,27.5万,9.8,15874人评
2019-09-22 14:50:31,1563.3万,98.2万,27.6万,9.8,15885人评
2019-09-22 15:50:32,1564.2万,98.2万,27.6万,9.8,15897人评
2019-09-22 16:50:33,1565.1万,98.2万,27.6万,9.8,15905人评
2019-09-22 17:50:34,1566万,98.3万,27.6万,9.8,15912人评
2019-09-22 18:50:35,1566.9万,98.3万,27.6万,9.8,15915人评
2019-09-22 19:50:37,1567.7万,98.3万,27.6万,9.8,15925人评
2019-09-22 20:50:38,1568.5万,98.3万,27.6万,9.8,15928人评
2019-09-22 21:50:39,1569.3万,98.3万,27.6万,9.8,15937人评
2019-09-22 22:50:40,1570.1万,98.3万,27.6万,9.8,15941人评
2019-09-22 23:50:42,1571.1万,98.4万,27.6万,9.8,15946人评
2019-09-23 00:50:43,1572.1万,98.4万,27.7万,9.8,15952人评
2019-09-23 01:50:44,1573万,98.4万,27.7万,9.8,15957人评
2019-09-23 02:50:45,1573.5万,98.4万,27.7万,9.8,15961人评
2019-09-23 03:50:46,1573.7万,98.4万,27.7万,9.8,15966人评
2019-09-23 04:50:48,1573.9万,98.4万,27.7万,9.8,15969人评
2019-09-23 05:50:49,1574万,98.4万,27.7万,9.8,15970人评
2019-09-23 06:50:50,1574.1万,98.4万,27.7万,9.8,15973人评
2019-09-23 07:50:51,1574.2万,98.4万,27.7万,9.8,15974人评
2019-09-23 08:50:52,1574.3万,98.4万,27.7万,9.8,15974人评
2019-09-23 09:50:53,1574.5万,98.4万,27.7万,9.8,15974人评
2019-09-23 10:50:55,1574.7万,98.4万,27.7万,9.8,15975人评
2019-09-23 11:50:56,1575万,98.5万,27.7万,9.8,15981人评
2019-09-23 12:50:57,1575.4万,98.5万,27.7万,9.8,15981人评
2019-09-23 13:50:58,1576万,98.5万,27.7万,9.8,15984人评
2019-09-23 14:51:00,1576.6万,98.5万,27.7万,9.8,15992人评
2019-09-23 15:51:01,1576.9万,98.5万,27.7万,9.8,15996人评
2019-09-23 16:51:02,1577.2万,98.5万,27.7万,9.8,15997人评
2019-09-23 17:51:04,1577.5万,98.5万,27.7万,9.8,16000人评
2019-09-23 18:51:05,1577.9万,98.5万,27.7万,9.8,16003人评
2019-09-23 19:51:06,1578.4万,98.5万,27.7万,9.8,16006人评
2019-09-23 20:51:07,1579万,98.6万,27.7万,9.8,16011人评
2019-09-23 21:51:08,1579.6万,98.6万,27.7万,9.8,16015人评
2019-09-23 22:51:09,1580.2万,98.6万,27.7万,9.8,16019人评
2019-09-23 23:51:11,1580.9万,98.6万,27.7万,9.8,16020人评
2019-09-24 00:51:12,1581.7万,98.6万,27.8万,9.8,16026人评
2019-09-24 01:51:13,1582.4万,98.6万,27.8万,9.8,16026人评
2019-09-24 02:51:14,1582.7万,98.7万,27.8万,9.8,16033人评
2019-09-24 03:51:16,1582.9万,98.7万,27.8万,9.8,16034人评
2019-09-24 04:51:17,1583.1万,98.7万,27.8万,9.8,16034人评
2019-09-24 05:51:18,1583.1万,98.7万,27.8万,9.8,16035人评
2019-09-24 06:51:19,1583.2万,98.7万,27.8万,9.8,16035人评
2019-09-24 07:51:20,1583.3万,98.7万,27.8万,9.8,16037人评
2019-09-24 08:51:22,1583.4万,98.7万,27.8万,9.8,16037人评
2019-09-24 09:51:23,1583.5万,98.7万,27.8万,9.8,16038人评
2019-09-24 10:51:25,1583.7万,98.7万,27.8万,9.8,16039人评
2019-09-24 11:51:26,1584万,98.7万,27.8万,9.8,16039人评
2019-09-24 12:51:27,1584.2万,98.7万,27.8万,9.8,16041人评
2019-09-24 13:51:28,1584.8万,98.7万,27.8万,9.8,16044人评
2019-09-24 14:51:29,1585.3万,98.7万,27.8万,9.8,16046人评
2019-09-24 15:51:30,1585.5万,98.7万,27.8万,9.8,16046人评
2019-09-24 16:51:32,1585.7万,98.7万,27.8万,9.8,16048人评
2019-09-24 17:51:33,1586万,98.7万,27.8万,9.8,16048人评
2019-09-24 18:51:34,1586.3万,98.7万,27.8万,9.8,16048人评
2019-09-24 19:51:35,1586.7万,98.7万,27.8万,9.8,16049人评
2019-09-24 20:51:37,1587.2万,98.8万,27.8万,9.8,16052人评
2019-09-24 21:51:38,1587.6万,98.8万,27.8万,9.8,16057人评
2019-09-24 22:51:39,1588.1万,98.8万,27.8万,9.8,16057人评
2019-09-24 23:51:40,1588.7万,98.8万,27.8万,9.8,16061人评
2019-09-25 00:51:41,1589.4万,98.8万,27.8万,9.8,16065人评
2019-09-25 01:51:42,1589.9万,98.8万,27.8万,9.8,16070人评
2019-09-25 02:51:43,1590.3万,98.8万,27.8万,9.8,16070人评
2019-09-25 03:51:44,1590.5万,98.8万,27.8万,9.8,16070人评
2019-09-25 04:51:45,1590.6万,98.8万,27.8万,9.8,16071人评
2019-09-25 05:51:47,1590.6万,98.8万,27.8万,9.8,16071人评
2019-09-25 06:51:48,1590.7万,98.8万,27.8万,9.8,16071人评
2019-09-25 07:51:49,1590.8万,98.8万,27.8万,9.8,16071人评
2019-09-25 08:51:51,1590.9万,98.8万,27.8万,9.8,16071人评
2019-09-25 09:51:52,1591万,98.8万,27.8万,9.8,16073人评
2019-09-25 10:51:53,1591.2万,98.8万,27.8万,9.8,16074人评
2019-09-25 11:51:54,1591.4万,98.9万,27.9万,9.8,16074人评
2019-09-25 12:51:55,1591.7万,98.9万,27.9万,9.8,16075人评
2019-09-25 13:51:56,1592.2万,98.9万,27.9万,9.8,16075人评
2019-09-25 14:51:58,1592.6万,98.9万,27.9万,9.8,16076人评
2019-09-25 15:52:00,1592.9万,98.9万,27.9万,9.8,16076人评
2019-09-25 16:52:01,1593.1万,98.9万,27.9万,9.8,16078人评
2019-09-25 17:52:02,1593.4万,98.9万,27.9万,9.8,16078人评
2019-09-25 18:52:03,1593.7万,98.9万,27.9万,9.8,16080人评
2019-09-25 19:52:04,1594.1万,98.9万,27.9万,9.8,16083人评
2019-09-25 20:52:05,1594.5万,98.9万,27.9万,9.8,16089人评
2019-09-25 21:52:06,1594.9万,98.9万,27.9万,9.8,16089人评
2019-09-25 22:52:08,1595.4万,98.9万,27.9万,9.8,16092人评
2019-09-25 23:52:09,1596万,98.9万,27.9万,9.8,16093人评
2019-09-26 00:52:10,1596.8万,99万,27.9万,9.8,16094人评
2019-09-26 01:52:11,1597.3万,99万,27.9万,9.8,16101人评
2019-09-26 02:02:23,1597.4万,99万,27.9万,9.8,16101人评
2019-09-26 03:02:25,1597.7万,99万,27.9万,9.8,16102人评
2019-09-26 04:02:27,1597.9万,99万,27.9万,9.8,16104人评
2019-09-26 05:02:28,1598万,99万,27.9万,9.8,16104人评
2019-09-26 06:02:30,1598.1万,99万,27.9万,9.8,16104人评
2019-09-26 07:02:32,1598.1万,99万,27.9万,9.8,16104人评
2019-09-26 08:02:33,1598.2万,99万,27.9万,9.8,16104人评
2019-09-26 09:02:35,1598.3万,99万,27.9万,9.8,16104人评
2019-09-26 10:02:37,1598.5万,99万,27.9万,9.8,16105人评
2019-09-26 11:02:38,1598.7万,99万,27.9万,9.8,16107人评
2019-09-26 12:02:40,1598.9万,99万,27.9万,9.8,16108人评
2019-09-26 13:02:42,1599.2万,99万,27.9万,9.8,16108人评
2019-09-26 14:02:43,1599.7万,99万,27.9万,9.8,16111人评
2019-09-26 15:02:45,1600.1万,99万,27.9万,9.8,16115人评
2019-09-26 16:02:47,1600.3万,99.1万,27.9万,9.8,16117人评
2019-09-26 17:02:48,1600.5万,99.1万,27.9万,9.8,16117人评
2019-09-26 18:02:50,1600.8万,99.1万,27.9万,9.8,16121人评
2019-09-26 19:02:52,1601.1万,99.1万,27.9万,9.8,16122人评
2019-09-26 20:02:53,1601.5万,99.1万,27.9万,9.8,16123人评
2019-09-26 21:02:55,1602万,99.1万,27.9万,9.8,16125人评
2019-09-26 22:02:58,1602.4万,99.1万,27.9万,9.8,16127人评
2019-09-26 23:02:59,1603万,99.1万,27.9万,9.8,16131人评
2019-09-27 00:03:01,1603.7万,99.1万,28万,9.8,16134人评
2019-09-27 01:03:02,1604.4万,99.1万,28万,9.8,16137人评
2019-09-27 02:03:04,1605万,99.1万,28万,9.8,16141人评
2019-09-27 03:03:06,1605.4万,99.2万,28万,9.8,16141人评
2019-09-27 04:03:07,1605.6万,99.2万,28万,9.8,16142人评
2019-09-27 05:03:01,16056804,991607,279677,9.8,16142
2019-09-27 06:03:03,16057680,991625,279683,9.8,16144
2019-09-27 07:03:05,16058563,991640,279688,9.8,16144
2019-09-27 08:03:05,16059747,991664,279701,9.8,16144
2019-09-27 09:03:06,16061441,991697,279709,9.8,16144
2019-09-27 10:03:06,16063703,991761,279724,9.8,16144
2019-09-27 11:03:06,16066182,991826,279744,9.8,16145
2019-09-27 12:03:06,16068964,991894,279762,9.8,16145
2019-09-27 13:03:07,16073027,991983,279776,9.8,16148
2019-09-27 14:03:07,16079761,992113,279798,9.8,16153
2019-09-27 15:03:07,16084404,992215,279830,9.8,16158
2019-09-27 16:03:07,16088910,992262,279881,9.8,16159
2019-09-27 17:03:08,16130563,992081,281485,9.8,16267
2019-09-27 18:03:08,16164563,991926,282376,9.8,16436
2019-09-27 19:03:08,16210133,992592,283238,9.8,16541
2019-09-27 20:03:08,16257842,992992,285363,9.8,16710
2019-09-27 21:03:08,16301794,993220,286294,9.8,16876
2019-09-27 22:03:09,16342451,993416,287125,9.8,16974
2019-09-27 23:03:09,16386101,993654,287981,9.8,17029
2019-09-28 00:03:09,16427755,993867,288885,9.8,17136
2019-09-28 01:03:09,16471431,994124,289734,9.8,17393
2019-09-28 02:03:09,16503683,994367,290418,9.8,17476
2019-09-28 02:07:42,1650.7万,99.4万,29万,9.8,17476人评
2019-09-28 03:03:10,16521713,994541,290779,9.8,17538
2019-09-28 04:03:10,16531329,994614,290966,9.8,17613
2019-09-28 05:03:10,16537003,994674,291074,9.8,17613
2019-09-28 06:03:10,16540367,994709,291126,9.8,17634
2019-09-28 07:03:10,16543833,994762,291171,9.8,17642
2019-09-28 08:03:11,16550157,994829,291210,9.8,17647
2019-09-28 09:03:11,16562015,994982,291319,9.8,17656
2019-09-28 10:03:11,16578478,995189,291453,9.8,17676
2019-09-28 11:03:11,16598814,995448,291645,9.8,17676
2019-09-28 12:03:11,16617854,995648,291924,9.8,17730
2019-09-28 13:03:12,16637322,995867,292210,9.8,17778
2019-09-28 14:03:12,16660936,996091,292579,9.8,17827
2019-09-28 15:03:12,16680147,996278,292955,9.8,17880
2019-09-28 16:03:12,16695901,996450,293154,9.8,17916
2019-09-28 17:03:12,16710377,996587,293348,9.8,17928
2019-09-28 18:03:13,16724789,996759,293556,9.8,17964
2019-09-28 19:03:13,16740135,996915,293773,9.8,18002
2019-09-28 20:03:13,16756877,997135,293964,9.8,18002
2019-09-28 21:03:13,16774060,997314,294246,9.8,18067
2019-09-28 22:03:14,16790321,997489,294517,9.8,18079
2019-09-28 23:03:14,16808148,997740,294775,9.8,18118
2019-09-29 00:03:14,16828845,998077,295148,9.8,18193
2019-09-29 01:03:14,16849082,998392,295508,9.8,18236
2019-09-29 02:03:14,16862793,998713,295691,9.8,18280
2019-09-29 03:03:15,16871616,998939,295789,9.8,18293
2019-09-29 04:03:15,16876282,999016,295848,9.8,18313
2019-09-29 05:03:15,16879149,999090,295873,9.8,18324
2019-09-29 06:03:15,16880950,999116,295903,9.8,18324
2019-09-29 07:03:16,16882688,999140,295914,9.8,18327
2019-09-29 08:03:16,16885205,999217,295926,9.8,18327
2019-09-29 09:03:16,16888747,999344,295957,9.8,18334
2019-09-29 10:03:16,16893385,999453,296014,9.8,18341
2019-09-29 11:03:16,16899233,999607,296082,9.8,18351
2019-09-29 12:03:17,16906257,999763,296176,9.8,18355
2019-09-29 13:03:17,16914617,999926,296265,9.8,18364
2019-09-29 14:03:17,16927602,1000153,296368,9.8,18392
2019-09-29 15:03:17,16938177,1000323,296459,9.8,18412
2019-09-29 16:03:18,16946063,1000458,296545,9.8,18412
2019-09-29 17:03:18,16953877,1000617,296636,9.8,18412
2019-09-29 18:03:18,16962307,1000766,296766,9.8,18412
2019-09-29 19:03:18,16972313,1000953,296865,9.8,18465
2019-09-29 20:03:18,16983627,1001158,297001,9.8,18476
2019-09-29 21:03:19,16996436,1001403,297126,9.8,18482
2019-09-29 22:03:19,17010112,1001629,297281,9.8,18496
2019-09-29 23:03:20,17024261,1001896,297498,9.8,18516
2019-09-30 00:03:21,17040870,1002263,297748,9.8,18543
2019-09-30 01:03:22,17057768,1002596,297936,9.8,18553
2019-09-30 02:03:23,17069802,1002871,298057,9.8,18584
2019-09-30 03:03:24,17077347,1003047,298105,9.8,18594
2019-09-30 04:03:25,17081796,1003132,298135,9.8,18603
2019-09-30 05:03:26,17084485,1003194,298156,9.8,18605
2019-09-30 06:03:26,17086250,1003229,298161,9.8,18610
2019-09-30 07:03:27,17087760,1003257,298172,9.8,18611
2019-09-30 08:03:28,17089872,1003284,298202,9.8,18615
2019-09-30 09:03:29,17093025,1003364,298215,9.8,18616
2019-09-30 10:03:30,17097689,1003447,298256,9.8,18616
2019-09-30 11:03:30,17102939,1003515,298311,9.8,18620
2019-09-30 12:03:31,17108819,1003611,298398,9.8,18621
2019-09-30 13:03:32,17116792,1003813,298473,9.8,18628
2019-09-30 14:03:33,17129274,1004060,298554,9.8,18640
2019-09-30 15:03:34,17138814,1004256,298651,9.8,18646
2019-09-30 16:03:35,17146832,1004425,298762,9.8,18656
2019-09-30 17:03:36,17154997,1004578,298839,9.8,18659
2019-09-30 18:03:37,17164472,1004773,298947,9.8,18662
2019-09-30 19:03:37,17175652,1004988,299047,9.8,18670
2019-09-30 20:03:38,17187799,1005205,299151,9.8,18679
2019-09-30 21:03:39,17201331,1005412,299298,9.8,18686
2019-09-30 22:03:40,17215222,1005588,299454,9.8,18695
2019-09-30 23:03:41,17229752,1005802,299646,9.8,18695
2019-10-01 00:03:42,17246641,1006067,299891,9.8,18719
2019-10-01 01:03:43,17262854,1006288,300091,9.8,18734
2019-10-01 02:03:44,17275640,1006524,300198,9.8,18754
2019-10-01 03:03:45,17283658,1006655,300282,9.8,18755
2019-10-01 04:03:46,17288593,1006698,300335,9.8,18761
2019-10-01 05:03:47,17291564,1006758,300362,9.8,18768
2019-10-01 06:03:47,17293432,1006783,300378,9.8,18768
2019-10-01 07:03:49,17294867,1006809,300384,9.8,18773
2019-10-01 08:03:50,17297540,1006851,300412,9.8,18775
2019-10-01 09:03:51,17302325,1006919,300439,9.8,18777
2019-10-01 10:03:51,17308898,1006991,300482,9.8,18779
2019-10-01 11:03:52,17316470,1007056,300532,9.8,18789
2019-10-01 12:03:53,17322050,1007084,300608,9.8,18795
2019-10-01 13:03:54,17328931,1007161,300647,9.8,18799
2019-10-01 14:03:55,17338219,1007276,300707,9.8,18805
2019-10-01 15:03:56,17349736,1007421,300819,9.8,18810
2019-10-01 16:03:57,17361060,1007566,300940,9.8,18816
2019-10-01 17:03:57,17372270,1007678,301084,9.8,18816
2019-10-01 18:03:58,17382342,1007744,301202,9.8,18831
2019-10-01 19:03:59,17392850,1007865,301346,9.8,18836
2019-10-01 20:04:00,17402380,1007965,301452,9.8,18844
2019-10-01 21:04:01,17414335,1008130,301618,9.8,18846
2019-10-01 22:04:02,17425986,1008276,301807,9.8,18859
2019-10-01 23:04:03,17438225,1008409,301983,9.8,18872
2019-10-02 00:04:05,17453062,1008630,302223,9.8,18881
2019-10-02 01:04:06,17467563,1008908,302392,9.8,18889
2019-10-02 02:04:07,17478924,1009075,302533,9.8,18895
2019-10-02 03:04:07,17486095,1009195,302662,9.8,18905
2019-10-02 04:04:08,17490380,1009269,302722,9.8,18911
2019-10-02 05:04:09,17493060,1009321,302755,9.8,18915
2019-10-02 06:04:10,17494499,1009333,302764,9.8,18917
2019-10-02 07:04:11,17495635,1009346,302774,9.8,18918
2019-10-02 08:04:12,17497422,1009367,302788,9.8,18919
2019-10-02 09:04:12,17500894,1009379,302812,9.8,18922
2019-10-02 10:04:13,17506672,1009435,302866,9.8,18922
2019-10-02 11:04:14,17513932,1009473,302940,9.8,18925
2019-10-02 12:04:15,17522211,1009530,303037,9.8,18929
2019-10-02 13:04:16,17531957,1009625,303138,9.8,18938
2019-10-02 14:04:16,17543204,1009773,303241,9.8,18942
2019-10-02 15:04:17,17553537,1009916,303354,9.8,18946
2019-10-02 16:04:18,17563233,1010048,303450,9.8,18953
2019-10-02 17:04:19,17572355,1010181,303565,9.8,18953
2019-10-02 18:04:20,17580995,1010252,303657,9.8,18963
2019-10-02 19:04:21,17589864,1010328,303786,9.8,18970
2019-10-02 20:04:22,17600246,1010484,303898,9.8,18976
2019-10-02 21:04:23,17609871,1010597,304012,9.8,18982
2019-10-02 22:04:28,17619359,1010712,304120,9.8,18995
2019-10-02 23:04:30,17630614,1010853,304252,9.8,19008
2019-10-03 00:04:32,17642822,1011070,304373,9.8,19014
2019-10-03 01:04:34,17654402,1011274,304519,9.8,19014
2019-10-03 02:04:35,17663289,1011402,304627,9.8,19038
2019-10-03 03:04:36,17668715,1011507,304688,9.8,19044
2019-10-03 04:04:37,17672484,1011572,304741,9.8,19044
2019-10-03 05:04:38,17674804,1011609,304756,9.8,19059
2019-10-03 06:04:38,17676294,1011643,304763,9.8,19061
2019-10-03 07:04:39,17677328,1011658,304774,9.8,19062
2019-10-03 08:04:40,17678775,1011668,304785,9.8,19063
2019-10-03 09:04:41,17682222,1011707,304806,9.8,19065
2019-10-03 10:04:42,17687084,1011731,304852,9.8,19070
2019-10-03 11:04:43,17693397,1011800,304929,9.8,19073
2019-10-03 12:04:44,17701659,1011929,305029,9.8,19083
2019-10-03 13:04:45,17710360,1012012,305122,9.8,19090
2019-10-03 14:04:46,17720278,1012172,305261,9.8,19090
2019-10-03 15:04:47,17729560,1012289,305386,9.8,19106
2019-10-03 16:04:48,17737873,1012391,305491,9.8,19116
2019-10-03 17:04:49,17746334,1012523,305618,9.8,19128
2019-10-03 18:04:50,17754563,1012602,305750,9.8,19130
2019-10-03 19:04:52,17762877,1012699,305876,9.8,19144
2019-10-03 20:04:53,17771516,1012797,306016,9.8,19147
2019-10-03 21:04:55,17779779,1012882,306144,9.8,19160
2019-10-03 22:04:56,17788498,1012988,306248,9.8,19173
2019-10-03 23:04:57,17798555,1013096,306418,9.8,19184
2019-10-04 00:04:58,17809080,1013238,306567,9.8,19199
2019-10-04 01:04:58,17819288,1013418,306745,9.8,19210
2019-10-04 02:04:59,17827194,1013557,306882,9.8,19217
2019-10-04 03:05:00,17832846,1013643,306962,9.8,19222
2019-10-04 04:05:01,17836268,1013717,306986,9.8,19237
2019-10-04 05:05:02,17838243,1013754,307031,9.8,19237
2019-10-04 06:05:03,17839377,1013771,307034,9.8,19241
2019-10-04 07:05:04,17840307,1013795,307040,9.8,19241
2019-10-04 08:05:05,17841754,1013815,307054,9.8,19241
2019-10-04 09:05:05,17844402,1013860,307084,9.8,19242
2019-10-04 10:05:06,17848858,1013905,307148,9.8,19243
2019-10-04 11:05:07,17854821,1013956,307227,9.8,19250
2019-10-04 12:05:08,17861678,1014002,307293,9.8,19258
2019-10-04 13:05:09,17870583,1014172,307387,9.8,19258
2019-10-04 14:05:10,17878913,1014267,307503,9.8,19269
2019-10-04 15:05:11,17887444,1014403,307595,9.8,19269
2019-10-04 16:05:12,17894166,1014482,307670,9.8,19284
2019-10-04 17:05:13,17902765,1014582,307922,9.8,19300
2019-10-04 18:05:14,17911759,1014654,308104,9.8,19314
2019-10-04 19:05:15,17920886,1014745,308244,9.8,19317
2019-10-04 20:05:15,17930247,1014807,308400,9.8,19337
2019-10-04 21:05:16,17940531,1014937,308628,9.8,19343
2019-10-04 22:05:17,17950527,1015021,308859,9.8,19360
2019-10-04 23:05:19,17962387,1015217,309098,9.8,19379
2019-10-05 00:05:20,17974343,1015391,309328,9.8,19396
2019-10-05 01:05:22,17987767,1015642,309601,9.8,19410
2019-10-05 02:05:24,17997000,1015796,309802,9.8,19441
2019-10-05 03:05:25,18003293,1015931,309947,9.8,19452
2019-10-05 04:05:26,18007166,1016025,310024,9.8,19461
2019-10-05 05:05:26,18009455,1016051,310084,9.8,19465
2019-10-05 06:05:27,18010807,1016076,310101,9.8,19466
2019-10-05 07:05:28,18011792,1016082,310104,9.8,19467
2019-10-05 08:05:29,18013335,1016100,310134,9.8,19469
2019-10-05 09:05:30,18016284,1016121,310172,9.8,19469
2019-10-05 10:05:30,18021276,1016137,310231,9.8,19477
2019-10-05 11:05:31,18028819,1016185,310345,9.8,19477
2019-10-05 12:05:32,18036933,1016239,310477,9.8,19477
2019-10-05 13:05:34,18046468,1016332,310625,9.8,19477
2019-10-05 14:05:35,18057702,1016465,310779,9.8,19518
2019-10-05 15:05:36,18067010,1016518,310926,9.8,19526
2019-10-05 16:05:37,18076470,1016631,311090,9.8,19541
2019-10-05 17:05:39,18085600,1016713,311234,9.8,19555
2019-10-05 18:05:40,18094421,1016815,311368,9.8,19559
2019-10-05 19:05:42,18103391,1016933,311500,9.8,19571
2019-10-05 20:05:43,18113219,1017120,311626,9.8,19582
2019-10-05 21:05:45,18122906,1017271,311793,9.8,19594
2019-10-05 22:05:48,18133837,1017447,311938,9.8,19594
2019-10-05 23:05:49,18144902,1017564,312201,9.8,19594
2019-10-06 00:05:50,18156827,1017751,312438,9.8,19641
2019-10-06 01:05:52,18168586,1017983,312654,9.8,19661
2019-10-06 02:05:54,18176787,1018137,312807,9.8,19678
2019-10-06 03:05:55,18182257,1018240,312895,9.8,19688
2019-10-06 04:05:56,18185592,1018314,312950,9.8,19698
2019-10-06 05:05:57,18187647,1018364,312983,9.8,19698
2019-10-06 06:05:57,18188960,1018401,313001,9.8,19701
2019-10-06 07:05:58,18190095,1018430,313009,9.8,19703
2019-10-06 08:05:59,18191456,1018441,313018,9.8,19703
2019-10-06 09:06:00,18194373,1018488,313037,9.8,19706
2019-10-06 10:06:00,18198662,1018544,313091,9.8,19707
2019-10-06 11:06:01,18204596,1018606,313154,9.8,19709
2019-10-06 12:06:02,18211606,1018695,313268,9.8,19715
2019-10-06 13:06:03,18220376,1018862,313383,9.8,19724
2019-10-06 14:06:04,18229521,1019056,313506,9.8,19746
2019-10-06 15:06:05,18237915,1019141,313651,9.8,19753
2019-10-06 16:06:06,18245700,1019236,313758,9.8,19768
2019-10-06 17:06:07,18253145,1019316,313864,9.8,19777
2019-10-06 18:06:08,18260381,1019424,313999,9.8,19787
2019-10-06 19:06:09,18268121,1019494,314113,9.8,19802
2019-10-06 20:06:10,18275982,1019598,314258,9.8,19806
2019-10-06 21:06:12,18284174,1019679,314405,9.8,19823
2019-10-06 22:06:13,18292528,1019727,314558,9.8,19830
2019-10-06 23:06:14,18301438,1019842,314697,9.8,19839
2019-10-07 00:06:15,18311988,1020096,314854,9.8,19839
2019-10-07 01:06:16,18323347,1020385,315011,9.8,19879
2019-10-07 02:06:17,18332324,1020597,315126,9.8,19887
2019-10-07 03:06:18,18338586,1020786,315207,9.8,19894
2019-10-07 04:06:18,18342452,1020876,315269,9.8,19908
2019-10-07 05:06:19,18345101,1020968,315301,9.8,19912
2019-10-07 06:06:20,18346646,1021011,315357,9.8,19912
2019-10-07 07:06:21,18347723,1021042,315388,9.8,19912
2019-10-07 08:06:22,18349485,1021092,315404,9.8,19914
2019-10-07 09:06:22,18352348,1021165,315430,9.8,19915
2019-10-07 10:06:23,18356645,1021238,315470,9.8,19916
2019-10-07 11:06:24,18362932,1021344,315553,9.8,19918
2019-10-07 12:06:25,18370182,1021467,315644,9.8,19930
2019-10-07 13:06:25,18378310,1021597,315760,9.8,19941
2019-10-07 14:06:26,18387410,1021745,315873,9.8,19943
2019-10-07 15:06:27,18395803,1021890,316015,9.8,19950
2019-10-07 16:06:28,18403202,1021989,316118,9.8,19950
2019-10-07 17:06:29,18410152,1022074,316241,9.8,19970
2019-10-07 18:06:29,18417054,1022193,316308,9.8,19982
2019-10-07 19:06:30,18424000,1022289,316373,9.8,19984
2019-10-07 20:06:31,18432925,1022420,316485,9.8,19988
2019-10-07 21:06:32,18441925,1022594,316572,9.8,19988
2019-10-07 22:06:33,18450490,1022705,316729,9.8,20012
2019-10-07 23:06:35,18460054,1022907,316885,9.8,20015
2019-10-08 00:06:36,18470835,1023086,317030,9.8,20030
2019-10-08 01:06:37,18481051,1023338,317177,9.8,20042
2019-10-08 02:06:38,18489002,1023567,317275,9.8,20055
2019-10-08 03:06:39,18493417,1023661,317319,9.8,20063
2019-10-08 04:06:40,18496196,1023727,317329,9.8,20066
2019-10-08 05:06:40,18497958,1023771,317338,9.8,20066
2019-10-08 06:06:41,18499043,1023788,317343,9.8,20067
2019-10-08 07:06:42,18500055,1023805,317347,9.8,20071
2019-10-08 08:06:43,18501168,1023830,317360,9.8,20071
2019-10-08 09:06:43,18502695,1023876,317367,9.8,20071
2019-10-08 10:06:44,18504629,1023904,317386,9.8,20071
2019-10-08 11:06:45,18506930,1023955,317419,9.8,20071
2019-10-08 12:06:46,18509814,1024020,317464,9.8,20073
2019-10-08 13:06:47,18513615,1024077,317523,9.8,20073
2019-10-08 14:06:48,18520824,1024222,317574,9.8,20076
2019-10-08 15:06:48,18525388,1024309,317632,9.8,20082
2019-10-08 16:06:49,18528870,1024368,317680,9.8,20084
2019-10-08 17:06:50,18532088,1024419,317744,9.8,20089
2019-10-08 18:06:51,18535778,1024506,317787,9.8,20089
2019-10-08 19:06:51,18541090,1024618,317880,9.8,20104
2019-10-08 20:06:52,18547047,1024716,317954,9.8,20104
2019-10-08 21:06:53,18553307,1024812,318073,9.8,20115
2019-10-08 22:06:54,18561230,1025021,318173,9.8,20128
2019-10-08 23:06:55,18570260,1025201,318277,9.8,20135
2019-10-09 00:06:56,18580485,1025391,318388,9.8,20150
2019-10-09 01:06:57,18589360,1025583,318511,9.8,20153
2019-10-09 02:06:58,18594990,1025709,318578,9.8,20172
2019-10-09 03:06:59,18598659,1025783,318608,9.8,20172
2019-10-09 04:07:00,18600724,1025839,318651,9.8,20184
2019-10-09 05:07:01,18602008,1025865,318677,9.8,20184
2019-10-09 06:07:02,18602891,1025896,318690,9.8,20185
2019-10-09 07:07:02,18603856,1025917,318695,9.8,20186
2019-10-09 08:07:03,18605048,1025931,318703,9.8,20189
2019-10-09 09:07:04,18606751,1026002,318714,9.8,20190
2019-10-09 10:07:05,18608478,1026031,318729,9.8,20190
2019-10-09 11:07:06,18610693,1026128,318755,9.8,20190
2019-10-09 12:07:07,18613489,1026181,318782,9.8,20191
2019-10-09 13:07:08,18616975,1026232,318825,9.8,20192
2019-10-09 14:07:09,18623493,1026317,318922,9.8,20196
2019-10-09 15:07:10,18627989,1026400,319007,9.8,20203
2019-10-09 16:07:11,18630957,1026458,319031,9.8,20209
2019-10-09 17:07:13,18634026,1026513,319067,9.8,20209
2019-10-09 18:07:14,18637489,1026585,319104,9.8,20217
2019-10-09 19:07:15,18642451,1026706,319136,9.8,20217
2019-10-09 20:07:16,18648606,1026848,319201,9.8,20225
2019-10-09 21:07:17,18654636,1026966,319292,9.8,20232
2019-10-09 22:07:19,18661086,1027067,319417,9.8,20236
2019-10-09 23:07:21,18668571,1027181,319549,9.8,20237
2019-10-10 00:07:22,18677108,1027359,319690,9.8,20252
2019-10-10 01:07:23,18684322,1027498,319818,9.8,20259
2019-10-10 02:07:23,18689899,1027669,319873,9.8,20263
2019-10-10 03:07:24,18693140,1027757,319899,9.8,20269
2019-10-10 04:07:25,18694869,1027788,319928,9.8,20270
2019-10-10 05:07:26,18696048,1027817,319937,9.8,20270
2019-10-10 06:07:27,18696806,1027831,319945,9.8,20272
2019-10-10 07:07:28,18697502,1027839,319962,9.8,20273
2019-10-10 08:07:29,18698583,1027868,319970,9.8,20273
2019-10-10 09:07:30,18699701,1027904,319980,9.8,20273
2019-10-10 10:07:31,18701261,1027965,319988,9.8,20273
2019-10-10 11:07:32,18703414,1028046,320001,9.8,20275
2019-10-10 12:07:33,18705441,1028091,320024,9.8,20277
2019-10-10 13:07:34,18708724,1028202,320068,9.8,20277
2019-10-10 14:07:35,18715243,1028407,320137,9.8,20284
2019-10-10 15:07:36,18719371,1028474,320225,9.8,20286
2019-10-10 16:07:37,18722348,1028555,320272,9.8,20286
2019-10-10 17:07:38,18724995,1028601,320296,9.8,20288
2019-10-10 18:07:38,18728490,1028702,320328,9.8,20294
2019-10-10 19:07:39,18732613,1028826,320378,9.8,20294
2019-10-18 15:09:32,19042460,1032387,324119,9.8,20677
2019-10-18 16:09:33,19043379,1032399,324124,9.8,20677
2019-10-18 17:09:33,19044266,1032408,324146,9.8,20679
2019-10-18 18:09:34,19045270,1032403,324159,9.8,20681
2019-10-18 19:09:34,19046563,1032414,324174,9.8,20684
2019-10-18 20:09:34,19048089,1032414,324187,9.8,20687
2019-10-18 21:09:34,19049690,1032416,324208,9.8,20687
2019-10-18 22:09:35,19051423,1032420,324217,9.8,20690
2019-10-18 23:09:35,19053366,1032434,324230,9.8,20691
2019-10-19 00:09:35,19055565,1032451,324261,9.8,20692
2019-10-19 01:09:35,19058310,1032504,324298,9.8,20696
2019-10-19 02:09:36,19060568,1032524,324309,9.8,20699
2019-10-19 03:09:36,19061952,1032546,324328,9.8,20702
2019-10-19 04:09:36,19062815,1032572,324337,9.8,20704
2019-10-19 05:09:36,19063438,1032581,324340,9.8,20707
2019-10-19 06:09:36,19063823,1032591,324345,9.8,20707
2019-10-19 07:09:37,19064103,1032597,324348,9.8,20707
2019-10-19 08:09:37,19064460,1032600,324352,9.8,20707
2019-10-19 09:09:37,19065037,1032590,324357,9.8,20708
2019-10-19 10:09:37,19065800,1032579,324360,9.8,20708
2019-10-19 11:09:38,19066891,1032585,324369,9.8,20708
2019-10-19 12:09:38,19068214,1032576,324379,9.8,20711
2019-10-19 13:09:39,19069708,1032587,324388,9.8,20713
2019-10-19 14:09:39,19071713,1032575,324402,9.8,20717
2019-10-19 15:09:39,19073450,1032580,324424,9.8,20718
2019-10-19 16:09:40,19075011,1032577,324448,9.8,20718
2019-10-19 17:09:40,19076565,1032579,324455,9.8,20718
2019-10-19 18:09:40,19078190,1032589,324473,9.8,20720
2019-10-19 19:09:40,19079878,1032593,324522,9.8,20724
2019-10-19 20:09:40,19081655,1032592,324545,9.8,20724
2019-10-19 21:09:41,19083569,1032589,324591,9.8,20726
2019-10-19 22:09:41,19085438,1032598,324616,9.8,20730
2019-10-19 23:09:41,19087545,1032583,324635,9.8,20731
2019-10-20 00:09:42,19089986,1032584,324653,9.8,20734
2019-10-20 01:09:42,19092520,1032610,324680,9.8,20735
2019-10-20 02:09:42,19094570,1032643,324698,9.8,20739
2019-10-20 03:09:42,19096011,1032681,324715,9.8,20739
2019-10-20 04:09:42,19097043,1032686,324729,9.8,20744
2019-10-20 05:09:43,19097661,1032694,324737,9.8,20746
2019-10-20 06:09:43,19098033,1032699,324738,9.8,20747
2019-10-20 07:09:43,19098279,1032702,324739,9.8,20747
2019-10-20 08:09:43,19098607,1032699,324741,9.8,20747
2019-10-20 09:09:44,19099147,1032706,324743,9.8,20748
2019-10-20 10:09:44,19100009,1032700,324748,9.8,20749
2019-10-20 11:09:44,19101253,1032694,324754,9.8,20750
2019-10-20 12:09:45,19102733,1032694,324764,9.8,20750
2019-10-20 13:09:45,19104436,1032691,324779,9.8,20751
2019-10-20 14:09:45,19106552,1032709,324799,9.8,20755
2019-10-20 15:09:45,19108596,1032711,324823,9.8,20756
2019-10-20 16:09:46,19110494,1032723,324845,9.8,20763
2019-10-20 17:09:46,19112173,1032735,324857,9.8,20767
2019-10-20 18:09:47,19113860,1032741,324874,9.8,20767
2019-10-20 19:09:48,19115580,1032759,324911,9.8,20770
2019-10-20 20:09:48,19117371,1032799,324968,9.8,20772
2019-10-20 21:09:49,19119163,1032818,324983,9.8,20772
2019-10-20 22:09:49,19120974,1032858,325016,9.8,20773
2019-10-20 23:09:49,19123004,1032882,325040,9.8,20776
2019-10-21 00:09:49,19125370,1032918,325065,9.8,20780
2019-10-21 01:09:50,19127858,1032949,325094,9.8,20783
2019-10-21 02:09:50,19129666,1032973,325112,9.8,20787
2019-10-21 03:09:50,19130781,1032990,325120,9.8,20787
2019-10-21 04:09:51,19131569,1033016,325122,9.8,20787
2019-10-21 05:09:51,19132051,1033030,325122,9.8,20787
2019-10-21 06:09:51,19132409,1033035,325126,9.8,20787
2019-10-21 07:09:51,19132666,1033043,325130,9.8,20787
2019-10-21 08:09:51,19132949,1033048,325131,9.8,20787
2019-10-21 09:09:52,19133338,1033051,325135,9.8,20787
2019-10-21 10:09:52,19133816,1033058,325136,9.8,20788
2019-10-21 11:09:52,19134342,1033064,325136,9.8,20788
2019-10-21 12:09:53,19135053,1033067,325143,9.8,20789
2019-10-21 13:09:53,19136017,1033076,325153,9.8,20790
2019-10-21 14:09:53,19137524,1033086,325175,9.8,20791
2019-10-21 15:09:53,19138613,1033105,325196,9.8,20793
2019-10-21 16:09:54,19139439,1033102,325201,9.8,20794
2019-10-21 17:09:54,19140193,1033108,325203,9.8,20795
2019-10-21 18:09:54,19141086,1033112,325207,9.8,20795
2019-10-21 19:09:54,19142262,1033118,325221,9.8,20796
2019-10-21 20:09:55,19143558,1033138,325239,9.8,20797
2019-10-21 21:09:55,19145097,1033148,325249,9.8,20800
2019-10-21 22:09:55,19146652,1033163,325266,9.8,20801
2019-10-21 23:09:55,19148568,1033166,325275,9.8,20803
2019-10-22 00:09:56,19151013,1033205,325295,9.8,20805
2019-10-22 01:09:56,19153367,1033236,325304,9.8,20807
2019-10-22 02:09:56,19155263,1033264,325329,9.8,20810
2019-10-22 03:09:57,19156455,1033278,325349,9.8,20811
