2019-09-03 12:30:56,1573.8万,98.1万,38.6万,9.7,9843人评
2019-09-03 13:30:56,1573.8万,98.1万,38.6万,9.7,9843人评
2019-09-03 14:30:57,1573.9万,98.1万,38.6万,9.7,9844人评
2019-09-03 15:30:58,1573.9万,98.1万,38.6万,9.7,9844人评
2019-09-03 16:30:58,1573.9万,98.1万,38.6万,9.7,9844人评
2019-09-03 17:30:59,1573.9万,98.1万,38.6万,9.7,9845人评
2019-09-03 18:30:59,1574万,98.1万,38.6万,9.7,9845人评
2019-09-03 19:30:59,1574万,98.1万,38.6万,9.7,9845人评
2019-09-03 20:31:00,1574万,98.1万,38.6万,9.7,9845人评
2019-09-03 21:31:00,1574.1万,98.1万,38.6万,9.7,9845人评
2019-09-03 22:31:01,1574.1万,98.1万,38.6万,9.7,9845人评
2019-09-03 23:31:01,1574.2万,98.1万,38.6万,9.7,9846人评
2019-09-04 00:31:01,1574.3万,98.1万,38.6万,9.7,9848人评
2019-09-04 01:31:01,1574.3万,98.1万,38.6万,9.7,9850人评
2019-09-04 02:31:02,1574.4万,98.1万,38.6万,9.7,9850人评
2019-09-04 03:31:02,1574.4万,98.1万,38.6万,9.7,9850人评
2019-09-04 04:31:02,1574.4万,98.1万,38.6万,9.7,9850人评
2019-09-04 05:31:03,1574.4万,98.1万,38.6万,9.7,9850人评
2019-09-04 06:31:03,1574.4万,98.1万,38.6万,9.7,9850人评
2019-09-04 07:31:03,1574.5万,98.1万,38.6万,9.7,9850人评
2019-09-04 08:31:04,1574.5万,98.1万,38.6万,9.7,9850人评
2019-09-04 09:31:04,1574.5万,98.1万,38.6万,9.7,9850人评
2019-09-04 10:31:05,1574.5万,98.1万,38.6万,9.7,9851人评
2019-09-04 11:31:05,1574.5万,98.1万,38.6万,9.7,9852人评
2019-09-04 12:31:06,1574.5万,98.1万,38.6万,9.7,9852人评
2019-09-04 13:31:06,1574.6万,98.1万,38.6万,9.7,9852人评
2019-09-04 14:31:06,1574.6万,98.1万,38.6万,9.7,9852人评
2019-09-04 15:31:07,1574.6万,98.1万,38.6万,9.7,9852人评
2019-09-04 16:31:07,1574.7万,98.1万,38.6万,9.7,9852人评
2019-09-04 17:31:07,1574.7万,98.2万,38.6万,9.7,9852人评
2019-09-04 18:31:07,1574.7万,98.2万,38.6万,9.7,9852人评
2019-09-04 19:31:08,1574.8万,98.2万,38.6万,9.7,9852人评
2019-09-04 20:31:08,1574.8万,98.2万,38.6万,9.7,9852人评
2019-09-04 21:31:08,1574.8万,98.2万,38.6万,9.7,9852人评
2019-09-04 22:31:09,1574.9万,98.2万,38.6万,9.7,9852人评
2019-09-04 23:31:09,1574.9万,98.2万,38.6万,9.7,9853人评
2019-09-05 00:31:09,1575万,98.2万,38.6万,9.7,9853人评
2019-09-05 01:31:09,1575.1万,98.2万,38.6万,9.7,9853人评
2019-09-05 02:31:09,1575.1万,98.2万,38.6万,9.7,9853人评
2019-09-05 03:31:10,1575.1万,98.2万,38.6万,9.7,9853人评
2019-09-05 04:31:10,1575.2万,98.2万,38.6万,9.7,9853人评
2019-09-05 05:31:10,1575.2万,98.2万,38.6万,9.7,9853人评
2019-09-05 06:31:11,1575.2万,98.2万,38.6万,9.7,9853人评
2019-09-05 07:31:11,1575.2万,98.2万,38.6万,9.7,9853人评
2019-09-05 08:31:11,1575.2万,98.2万,38.6万,9.7,9853人评
2019-09-05 09:31:12,1575.2万,98.2万,38.6万,9.7,9854人评
2019-09-05 10:31:12,1575.2万,98.2万,38.6万,9.7,9854人评
2019-09-05 11:31:12,1575.2万,98.2万,38.6万,9.7,9855人评
2019-09-05 12:31:12,1575.3万,98.2万,38.6万,9.7,9856人评
2019-09-05 13:31:12,1575.3万,98.2万,38.6万,9.7,9857人评
2019-09-05 14:31:13,1575.3万,98.2万,38.6万,9.7,9857人评
2019-09-05 15:31:13,1575.4万,98.2万,38.6万,9.7,9857人评
2019-09-05 16:31:13,1575.4万,98.2万,38.6万,9.7,9857人评
2019-09-05 17:31:14,1575.4万,98.2万,38.6万,9.7,9859人评
2019-09-05 18:31:14,1575.4万,98.2万,38.6万,9.7,9859人评
2019-09-05 19:31:15,1575.5万,98.2万,38.6万,9.7,9860人评
2019-09-05 20:31:15,1575.5万,98.2万,38.6万,9.7,9860人评
2019-09-05 21:31:15,1575.5万,98.2万,38.6万,9.7,9860人评
2019-09-05 22:31:16,1575.6万,98.2万,38.6万,9.7,9860人评
2019-09-05 23:31:16,1575.6万,98.2万,38.6万,9.7,9861人评
2019-09-06 00:31:16,1575.7万,98.2万,38.6万,9.7,9861人评
2019-09-06 01:31:16,1575.8万,98.2万,38.6万,9.7,9861人评
2019-09-06 02:31:17,1575.8万,98.2万,38.6万,9.7,9861人评
2019-09-06 03:31:17,1575.8万,98.2万,38.6万,9.7,9861人评
2019-09-06 04:31:17,1575.9万,98.2万,38.6万,9.7,9861人评
2019-09-06 05:31:18,1575.9万,98.2万,38.6万,9.7,9861人评
2019-09-06 06:31:18,1575.9万,98.2万,38.6万,9.7,9861人评
2019-09-06 07:31:18,1575.9万,98.2万,38.6万,9.7,9861人评
2019-09-06 08:31:19,1575.9万,98.2万,38.6万,9.7,9861人评
2019-09-06 09:31:19,1575.9万,98.2万,38.6万,9.7,9861人评
2019-09-06 10:31:20,1575.9万,98.2万,38.6万,9.7,9861人评
2019-09-06 11:31:20,1575.9万,98.2万,38.6万,9.7,9861人评
2019-09-06 12:31:21,1576万,98.2万,38.6万,9.7,9861人评
2019-09-06 13:31:21,1576万,98.2万,38.6万,9.7,9861人评
2019-09-06 14:31:22,1576万,98.2万,38.6万,9.7,9862人评
2019-09-06 15:31:22,1576.1万,98.2万,38.6万,9.7,9862人评
2019-09-06 16:31:22,1576.1万,98.2万,38.6万,9.7,9862人评
2019-09-06 17:31:22,1576.1万,98.2万,38.6万,9.7,9862人评
2019-09-06 18:31:23,1576.1万,98.2万,38.6万,9.7,9862人评
2019-09-06 19:31:23,1576.2万,98.2万,38.6万,9.7,9862人评
2019-09-06 20:31:23,1576.2万,98.2万,38.6万,9.7,9862人评
2019-09-06 21:31:23,1576.2万,98.2万,38.6万,9.7,9862人评
2019-09-06 22:31:24,1576.3万,98.2万,38.6万,9.7,9862人评
2019-09-06 23:31:24,1576.3万,98.2万,38.6万,9.7,9862人评
2019-09-07 00:31:25,1576.4万,98.2万,38.6万,9.7,9862人评
2019-09-07 01:31:25,1576.4万,98.2万,38.6万,9.7,9862人评
2019-09-07 02:31:25,1576.5万,98.2万,38.6万,9.7,9862人评
2019-09-07 03:31:26,1576.5万,98.2万,38.6万,9.7,9862人评
2019-09-07 04:31:26,1576.5万,98.2万,38.6万,9.7,9862人评
2019-09-07 05:31:27,1576.5万,98.2万,38.6万,9.7,9862人评
2019-09-07 06:31:27,1576.6万,98.2万,38.6万,9.7,9862人评
2019-09-07 07:31:27,1576.6万,98.2万,38.6万,9.7,9862人评
2019-09-07 08:31:28,1576.6万,98.2万,38.6万,9.7,9862人评
2019-09-07 09:31:28,1576.6万,98.2万,38.6万,9.7,9862人评
2019-09-07 10:31:28,1576.6万,98.2万,38.6万,9.7,9862人评
2019-09-07 11:31:28,1576.6万,98.2万,38.6万,9.7,9862人评
2019-09-07 12:31:29,1576.7万,98.2万,38.6万,9.7,9862人评
2019-09-07 13:31:29,1576.7万,98.2万,38.6万,9.7,9862人评
2019-09-07 14:31:30,1576.8万,98.2万,38.6万,9.7,9862人评
2019-09-07 15:31:30,1576.8万,98.2万,38.6万,9.7,9863人评
2019-09-07 16:31:32,1576.8万,98.2万,38.6万,9.7,9864人评
2019-09-07 17:31:32,1576.9万,98.2万,38.6万,9.7,9864人评
2019-09-07 18:31:32,1576.9万,98.2万,38.6万,9.7,9864人评
2019-09-07 19:31:32,1577万,98.2万,38.6万,9.7,9864人评
2019-09-07 20:31:33,1577万,98.2万,38.6万,9.7,9864人评
2019-09-07 21:31:33,1577万,98.2万,38.6万,9.7,9864人评
2019-09-07 22:31:34,1577.1万,98.2万,38.6万,9.7,9864人评
2019-09-07 23:31:34,1577.2万,98.2万,38.6万,9.7,9864人评
2019-09-08 00:31:34,1577.2万,98.2万,38.6万,9.7,9864人评
2019-09-08 01:31:36,1577.3万,98.2万,38.6万,9.7,9865人评
2019-09-08 02:31:36,1577.4万,98.2万,38.6万,9.7,9867人评
2019-09-08 03:31:36,1577.4万,98.2万,38.6万,9.7,9867人评
2019-09-08 04:31:37,1577.4万,98.2万,38.6万,9.7,9868人评
2019-09-08 05:31:37,1577.4万,98.2万,38.6万,9.7,9868人评
2019-09-08 06:31:37,1577.4万,98.2万,38.6万,9.7,9868人评
2019-09-08 07:31:37,1577.4万,98.2万,38.6万,9.7,9868人评
2019-09-08 08:31:38,1577.5万,98.2万,38.6万,9.7,9868人评
2019-09-08 09:31:38,1577.5万,98.2万,38.7万,9.7,9868人评
2019-09-08 10:31:38,1577.5万,98.3万,38.7万,9.7,9868人评
2019-09-08 11:31:39,1577.6万,98.3万,38.7万,9.7,9868人评
2019-09-08 12:31:39,1577.6万,98.3万,38.7万,9.7,9868人评
2019-09-08 13:31:39,1577.7万,98.3万,38.7万,9.7,9868人评
2019-09-08 14:31:40,1577.7万,98.3万,38.7万,9.7,9869人评
2019-09-08 15:31:40,1577.8万,98.3万,38.7万,9.7,9871人评
2019-09-08 16:31:41,1577.8万,98.3万,38.7万,9.7,9872人评
2019-09-08 17:31:41,1577.8万,98.3万,38.7万,9.7,9872人评
2019-09-08 18:31:41,1577.9万,98.3万,38.7万,9.7,9872人评
2019-09-08 19:31:41,1577.9万,98.3万,38.7万,9.7,9872人评
2019-09-08 20:31:41,1578万,98.3万,38.7万,9.7,9873人评
2019-09-08 21:31:42,1578万,98.3万,38.7万,9.7,9873人评
2019-09-08 22:31:42,1578.1万,98.3万,38.7万,9.7,9873人评
2019-09-08 23:31:43,1578.1万,98.3万,38.7万,9.7,9873人评
2019-09-09 00:31:43,1578.2万,98.3万,38.7万,9.7,9874人评
2019-09-09 01:31:44,1578.2万,98.3万,38.7万,9.7,9875人评
2019-09-09 02:31:44,1578.3万,98.3万,38.7万,9.7,9875人评
2019-09-09 03:31:45,1578.3万,98.3万,38.7万,9.7,9875人评
2019-09-09 04:31:45,1578.3万,98.3万,38.7万,9.7,9875人评
2019-09-09 05:31:45,1578.3万,98.3万,38.7万,9.7,9875人评
2019-09-09 06:31:45,1578.3万,98.3万,38.7万,9.7,9875人评
2019-09-09 07:31:46,1578.3万,98.3万,38.7万,9.7,9875人评
2019-09-09 08:31:46,1578.4万,98.3万,38.7万,9.7,9875人评
2019-09-09 09:31:46,1578.4万,98.3万,38.7万,9.7,9875人评
2019-09-09 10:31:47,1578.4万,98.3万,38.7万,9.7,9876人评
2019-09-09 11:31:47,1578.4万,98.3万,38.7万,9.7,9876人评
2019-09-09 12:31:47,1578.4万,98.3万,38.7万,9.7,9876人评
2019-09-09 13:31:48,1578.4万,98.3万,38.7万,9.7,9876人评
2019-09-09 14:31:48,1578.5万,98.3万,38.7万,9.7,9876人评
2019-09-09 15:31:48,1578.5万,98.3万,38.7万,9.7,9876人评
2019-09-09 16:31:49,1578.5万,98.3万,38.7万,9.7,9876人评
2019-09-09 17:31:49,1578.6万,98.3万,38.7万,9.7,9876人评
2019-09-09 18:31:50,1578.6万,98.3万,38.7万,9.7,9876人评
2019-09-09 19:31:50,1578.6万,98.3万,38.7万,9.7,9876人评
2019-09-09 20:31:50,1578.6万,98.3万,38.7万,9.7,9877人评
2019-09-09 21:31:51,1578.7万,98.3万,38.7万,9.7,9877人评
2019-09-09 22:31:51,1578.7万,98.3万,38.7万,9.7,9877人评
2019-09-09 23:31:51,1578.8万,98.3万,38.7万,9.7,9878人评
2019-09-10 00:31:51,1578.8万,98.3万,38.7万,9.7,9878人评
2019-09-10 01:31:51,1578.9万,98.3万,38.7万,9.7,9878人评
2019-09-10 02:31:52,1578.9万,98.3万,38.7万,9.7,9878人评
2019-09-10 03:31:53,1579万,98.3万,38.7万,9.7,9877人评
2019-09-10 04:31:53,1579万,98.3万,38.7万,9.7,9877人评
2019-09-10 05:31:53,1579万,98.3万,38.7万,9.7,9877人评
2019-09-10 06:31:53,1579万,98.3万,38.7万,9.7,9877人评
2019-09-10 07:31:54,1579万,98.3万,38.7万,9.7,9877人评
2019-09-10 08:31:54,1579万,98.3万,38.7万,9.7,9877人评
2019-09-10 09:31:54,1579万,98.3万,38.7万,9.7,9878人评
2019-09-10 10:31:55,1579万,98.3万,38.7万,9.7,9878人评
2019-09-10 11:31:56,1579万,98.3万,38.7万,9.7,9878人评
2019-09-10 12:31:57,1579.1万,98.3万,38.7万,9.7,9878人评
2019-09-10 13:31:57,1579.1万,98.3万,38.7万,9.7,9879人评
2019-09-10 14:31:58,1579.1万,98.3万,38.7万,9.7,9879人评
2019-09-10 15:31:59,1579.1万,98.3万,38.7万,9.7,9879人评
2019-09-10 16:32:00,1579.2万,98.3万,38.7万,9.7,9880人评
2019-09-10 17:32:00,1579.2万,98.3万,38.7万,9.7,9880人评
2019-09-10 18:32:00,1579.2万,98.3万,38.7万,9.7,9880人评
2019-09-10 19:32:01,1579.2万,98.3万,38.7万,9.7,9880人评
2019-09-10 20:32:01,1579.3万,98.3万,38.7万,9.7,9880人评
2019-09-10 21:32:02,1579.3万,98.3万,38.7万,9.7,9881人评
2019-09-10 22:32:02,1579.3万,98.3万,38.7万,9.7,9881人评
2019-09-10 23:32:02,1579.4万,98.3万,38.7万,9.7,9882人评
2019-09-11 00:32:02,1579.5万,98.3万,38.7万,9.7,9883人评
2019-09-11 01:32:03,1579.5万,98.3万,38.7万,9.7,9883人评
2019-09-11 02:32:03,1579.6万,98.3万,38.7万,9.7,9884人评
2019-09-11 03:32:03,1579.6万,98.3万,38.7万,9.7,9884人评
2019-09-11 04:32:04,1579.6万,98.3万,38.7万,9.7,9884人评
2019-09-11 05:32:04,1579.6万,98.3万,38.7万,9.7,9884人评
2019-09-11 06:32:04,1579.6万,98.3万,38.7万,9.7,9884人评
2019-09-11 07:32:04,1579.6万,98.3万,38.7万,9.7,9884人评
2019-09-11 08:32:05,1579.6万,98.3万,38.7万,9.7,9884人评
2019-09-11 09:32:05,1579.6万,98.3万,38.7万,9.7,9884人评
2019-09-11 10:32:05,1579.7万,98.3万,38.7万,9.7,9884人评
2019-09-11 11:32:06,1579.7万,98.3万,38.7万,9.7,9884人评
2019-09-11 12:32:06,1579.7万,98.3万,38.7万,9.7,9885人评
2019-09-11 13:32:07,1579.7万,98.3万,38.7万,9.7,9886人评
2019-09-11 14:32:07,1579.8万,98.3万,38.7万,9.7,9886人评
2019-09-11 15:32:08,1579.8万,98.3万,38.7万,9.7,9886人评
2019-09-11 16:32:08,1579.8万,98.3万,38.7万,9.7,9886人评
2019-09-11 17:32:08,1579.8万,98.3万,38.7万,9.7,9886人评
2019-09-11 18:32:08,1579.8万,98.3万,38.7万,9.7,9887人评
2019-09-11 19:32:08,1579.9万,98.3万,38.7万,9.7,9887人评
2019-09-11 20:32:09,1579.9万,98.3万,38.7万,9.7,9887人评
2019-09-11 21:32:09,1579.9万,98.3万,38.7万,9.7,9887人评
2019-09-11 22:32:10,1580万,98.3万,38.7万,9.7,9887人评
2019-09-11 23:32:10,1580万,98.3万,38.7万,9.7,9887人评
2019-09-12 00:32:11,1580.1万,98.4万,38.7万,9.7,9888人评
2019-09-12 01:32:11,1580.2万,98.4万,38.7万,9.7,9888人评
2019-09-12 02:32:11,1580.2万,98.4万,38.7万,9.7,9888人评
2019-09-12 03:32:12,1580.2万,98.4万,38.7万,9.7,9889人评
2019-09-12 04:32:12,1580.2万,98.4万,38.7万,9.7,9889人评
2019-09-12 05:32:12,1580.2万,98.4万,38.7万,9.7,9889人评
2019-09-12 06:32:12,1580.2万,98.4万,38.7万,9.7,9889人评
2019-09-12 07:32:13,1580.2万,98.4万,38.7万,9.7,9889人评
2019-09-12 08:32:13,1580.3万,98.4万,38.7万,9.7,9889人评
2019-09-12 09:32:13,1580.3万,98.4万,38.7万,9.7,9889人评
2019-09-12 10:32:13,1580.3万,98.4万,38.7万,9.7,9889人评
2019-09-12 11:32:14,1580.3万,98.4万,38.7万,9.7,9889人评
2019-09-12 12:32:14,1580.3万,98.4万,38.7万,9.7,9889人评
2019-09-12 13:32:15,1580.3万,98.4万,38.7万,9.7,9889人评
2019-09-12 14:32:16,1580.4万,98.4万,38.7万,9.7,9889人评
2019-09-12 15:32:16,1580.4万,98.4万,38.7万,9.7,9889人评
2019-09-12 16:32:16,1580.4万,98.4万,38.7万,9.7,9889人评
2019-09-12 17:32:16,1580.4万,98.4万,38.7万,9.7,9890人评
2019-09-12 18:32:16,1580.5万,98.4万,38.7万,9.7,9890人评
2019-09-12 19:32:17,1580.5万,98.4万,38.7万,9.7,9890人评
2019-09-12 20:32:17,1580.5万,98.4万,38.7万,9.7,9890人评
2019-09-12 21:32:18,1580.6万,98.4万,38.7万,9.7,9891人评
2019-09-12 22:32:19,1580.6万,98.4万,38.7万,9.7,9892人评
2019-09-12 23:32:19,1580.7万,98.4万,38.7万,9.7,9892人评
2019-09-13 00:32:19,1580.8万,98.4万,38.7万,9.7,9892人评
2019-09-13 01:32:20,1580.9万,98.4万,38.7万,9.7,9892人评
2019-09-13 02:32:21,1580.9万,98.4万,38.7万,9.7,9893人评
2019-09-13 03:32:21,1580.9万,98.4万,38.7万,9.7,9893人评
2019-09-13 04:32:21,1581万,98.4万,38.7万,9.7,9893人评
2019-09-13 05:32:21,1581万,98.4万,38.7万,9.7,9893人评
2019-09-13 06:32:22,1581万,98.4万,38.7万,9.7,9893人评
2019-09-13 07:32:23,1581万,98.4万,38.7万,9.7,9893人评
2019-09-13 08:32:23,1581万,98.4万,38.7万,9.7,9893人评
2019-09-13 09:32:24,1581万,98.4万,38.7万,9.7,9893人评
2019-09-13 10:32:24,1581.1万,98.4万,38.7万,9.7,9893人评
2019-09-13 11:32:24,1581.1万,98.4万,38.7万,9.7,9893人评
2019-09-13 12:32:24,1581.1万,98.4万,38.7万,9.7,9894人评
2019-09-13 13:32:25,1581.2万,98.4万,38.7万,9.7,9894人评
2019-09-13 14:32:25,1581.2万,98.4万,38.7万,9.7,9894人评
2019-09-13 15:32:25,1581.3万,98.4万,38.7万,9.7,9895人评
2019-09-13 16:32:25,1581.3万,98.4万,38.7万,9.7,9895人评
2019-09-13 17:32:25,1581.3万,98.4万,38.7万,9.7,9896人评
2019-09-13 18:32:25,1581.4万,98.4万,38.7万,9.7,9897人评
2019-09-13 19:32:26,1581.4万,98.4万,38.7万,9.7,9897人评
2019-09-13 20:32:26,1581.5万,98.4万,38.7万,9.7,9897人评
2019-09-13 21:32:26,1581.5万,98.4万,38.7万,9.7,9897人评
2019-09-13 21:58:06,1581.5万,98.4万,38.7万,9.7,9897人评
2019-09-13 22:58:07,1581.6万,98.4万,38.7万,9.7,9897人评
2019-09-13 23:58:07,1581.7万,98.4万,38.7万,9.7,9898人评
2019-09-14 00:58:07,1581.7万,98.4万,38.7万,9.7,9898人评
2019-09-14 01:58:08,1581.8万,98.4万,38.7万,9.7,9900人评
2019-09-14 02:47:40,1581.8万,98.4万,38.7万,9.7,9900人评
2019-09-14 03:05:15,1581.9万,98.4万,38.7万,9.7,9900人评
2019-09-14 03:26:53,1581.9万,98.4万,38.7万,9.7,9900人评
2019-09-14 04:26:53,1581.9万,98.4万,38.7万,9.7,9900人评
2019-09-14 05:26:54,1581.9万,98.4万,38.7万,9.7,9900人评
2019-09-14 06:26:54,1581.9万,98.4万,38.7万,9.7,9900人评
2019-09-14 07:26:54,1581.9万,98.4万,38.7万,9.7,9900人评
2019-09-14 08:26:54,1581.9万,98.4万,38.7万,9.7,9900人评
2019-09-14 09:26:55,1582万,98.4万,38.7万,9.7,9900人评
2019-09-14 10:26:55,1582万,98.4万,38.7万,9.7,9901人评
2019-09-14 11:26:56,1582万,98.4万,38.7万,9.7,9901人评
2019-09-14 12:26:56,1582.1万,98.4万,38.7万,9.7,9904人评
2019-09-14 13:26:56,1582.1万,98.4万,38.8万,9.7,9904人评
2019-09-14 14:26:57,1582.2万,98.4万,38.8万,9.7,9904人评
2019-09-14 14:47:57,1582.2万,98.4万,38.8万,9.7,9904人评
2019-09-14 15:47:58,1582.2万,98.4万,38.8万,9.7,9904人评
2019-09-14 16:47:59,1582.3万,98.4万,38.8万,9.7,9904人评
2019-09-14 17:47:59,1582.3万,98.4万,38.8万,9.7,9904人评
2019-09-14 18:48:00,1582.4万,98.4万,38.8万,9.7,9904人评
2019-09-14 19:48:00,1582.4万,98.4万,38.8万,9.7,9904人评
2019-09-14 20:48:00,1582.5万,98.4万,38.8万,9.7,9904人评
2019-09-14 21:48:00,1582.5万,98.4万,38.8万,9.7,9904人评
2019-09-14 22:48:01,1582.6万,98.5万,38.8万,9.7,9905人评
2019-09-14 23:48:01,1582.7万,98.5万,38.8万,9.7,9905人评
2019-09-15 00:48:02,1582.8万,98.5万,38.8万,9.7,9905人评
2019-09-15 01:48:03,1582.8万,98.5万,38.8万,9.7,9906人评
2019-09-15 02:48:03,1582.9万,98.5万,38.8万,9.7,9908人评
2019-09-15 03:48:03,1582.9万,98.5万,38.8万,9.7,9908人评
2019-09-15 04:48:04,1582.9万,98.5万,38.8万,9.7,9908人评
2019-09-15 05:48:04,1582.9万,98.5万,38.8万,9.7,9908人评
2019-09-15 06:48:05,1582.9万,98.5万,38.8万,9.7,9908人评
2019-09-15 07:48:05,1582.9万,98.5万,38.8万,9.7,9908人评
2019-09-15 08:48:06,1583万,98.5万,38.8万,9.7,9908人评
2019-09-15 09:48:06,1583万,98.5万,38.8万,9.7,9908人评
2019-09-15 10:48:06,1583万,98.5万,38.8万,9.7,9908人评
2019-09-15 11:48:07,1583.1万,98.5万,38.8万,9.7,9908人评
2019-09-15 12:48:07,1583.1万,98.5万,38.8万,9.7,9909人评
2019-09-15 13:48:08,1583.2万,98.5万,38.8万,9.7,9909人评
2019-09-15 14:48:08,1583.2万,98.5万,38.8万,9.7,9909人评
2019-09-15 15:48:09,1583.3万,98.5万,38.8万,9.7,9909人评
2019-09-15 16:48:09,1583.3万,98.5万,38.8万,9.7,9909人评
2019-09-15 17:48:10,1583.4万,98.5万,38.8万,9.7,9909人评
2019-09-15 18:48:10,1583.4万,98.5万,38.8万,9.7,9909人评
2019-09-15 19:48:10,1583.4万,98.5万,38.8万,9.7,9909人评
2019-09-15 20:48:11,1583.5万,98.5万,38.8万,9.7,9909人评
2019-09-15 21:48:11,1583.5万,98.5万,38.8万,9.7,9910人评
2019-09-15 22:48:11,1583.6万,98.5万,38.8万,9.7,9912人评
2019-09-15 23:48:12,1583.7万,98.5万,38.8万,9.7,9912人评
2019-09-16 00:48:13,1583.7万,98.5万,38.8万,9.7,9912人评
2019-09-16 01:48:13,1583.8万,98.5万,38.8万,9.7,9912人评
2019-09-16 02:48:13,1583.8万,98.5万,38.8万,9.7,9914人评
2019-09-16 03:48:13,1583.8万,98.5万,38.8万,9.7,9914人评
2019-09-16 04:48:14,1583.8万,98.5万,38.8万,9.7,9914人评
2019-09-16 05:48:14,1583.8万,98.5万,38.8万,9.7,9914人评
2019-09-16 06:48:14,1583.8万,98.5万,38.8万,9.7,9914人评
2019-09-16 07:48:14,1583.9万,98.5万,38.8万,9.7,9914人评
2019-09-16 08:48:14,1583.9万,98.5万,38.8万,9.7,9914人评
2019-09-16 09:48:15,1583.9万,98.5万,38.8万,9.7,9914人评
2019-09-16 10:48:15,1583.9万,98.5万,38.8万,9.7,9914人评
2019-09-16 11:48:15,1583.9万,98.5万,38.8万,9.7,9914人评
2019-09-16 12:48:15,1583.9万,98.5万,38.8万,9.7,9914人评
2019-09-16 13:48:16,1583.9万,98.5万,38.8万,9.7,9914人评
2019-09-16 14:48:16,1584万,98.5万,38.8万,9.7,9914人评
2019-09-16 15:48:16,1584万,98.5万,38.8万,9.7,9914人评
2019-09-16 16:48:17,1584万,98.5万,38.8万,9.7,9914人评
2019-09-16 17:48:17,1584万,98.5万,38.8万,9.7,9914人评
2019-09-16 18:48:18,1584.1万,98.5万,38.8万,9.7,9914人评
2019-09-16 19:48:18,1584.1万,98.5万,38.8万,9.7,9914人评
2019-09-16 20:48:19,1584.1万,98.5万,38.8万,9.7,9915人评
2019-09-16 21:48:20,1584.2万,98.5万,38.8万,9.7,9915人评
2019-09-16 22:48:20,1584.2万,98.5万,38.8万,9.7,9915人评
2019-09-16 23:48:21,1584.3万,98.5万,38.8万,9.7,9916人评
2019-09-17 00:48:21,1584.3万,98.5万,38.8万,9.7,9917人评
2019-09-17 01:48:22,1584.4万,98.5万,38.8万,9.7,9918人评
2019-09-17 02:48:22,1584.4万,98.5万,38.8万,9.7,9918人评
2019-09-17 03:48:23,1584.4万,98.5万,38.8万,9.7,9918人评
2019-09-17 04:48:23,1584.4万,98.5万,38.8万,9.7,9918人评
2019-09-17 05:48:23,1584.4万,98.5万,38.8万,9.7,9918人评
2019-09-17 06:48:23,1584.4万,98.5万,38.8万,9.7,9918人评
2019-09-17 07:48:23,1584.4万,98.5万,38.8万,9.7,9918人评
2019-09-17 08:48:24,1584.5万,98.5万,38.8万,9.7,9918人评
2019-09-17 09:48:24,1584.5万,98.5万,38.8万,9.7,9918人评
2019-09-17 10:48:24,1584.5万,98.5万,38.8万,9.7,9918人评
2019-09-17 11:48:24,1584.5万,98.5万,38.8万,9.7,9918人评
2019-09-17 12:48:25,1584.5万,98.5万,38.8万,9.7,9918人评
2019-09-17 13:48:25,1584.5万,98.5万,38.8万,9.7,9918人评
2019-09-17 14:48:25,1584.6万,98.5万,38.8万,9.7,9918人评
2019-09-17 15:48:25,1584.6万,98.5万,38.8万,9.7,9918人评
2019-09-17 16:48:25,1584.6万,98.5万,38.8万,9.7,9918人评
2019-09-17 17:48:26,1584.6万,98.5万,38.8万,9.7,9918人评
2019-09-17 18:48:26,1584.6万,98.5万,38.8万,9.7,9918人评
2019-09-17 19:48:26,1584.7万,98.5万,38.8万,9.7,9918人评
2019-09-17 20:48:27,1584.7万,98.5万,38.8万,9.7,9918人评
2019-09-17 21:48:27,1584.7万,98.5万,38.8万,9.7,9918人评
2019-09-17 22:48:27,1584.8万,98.5万,38.8万,9.7,9918人评
2019-09-17 23:48:27,1584.8万,98.5万,38.8万,9.7,9919人评
2019-09-18 00:48:28,1584.9万,98.5万,38.8万,9.7,9921人评
2019-09-18 01:48:28,1584.9万,98.5万,38.8万,9.7,9922人评
2019-09-18 02:48:28,1585万,98.5万,38.8万,9.7,9922人评
2019-09-18 03:48:29,1585万,98.5万,38.8万,9.7,9922人评
2019-09-18 04:48:29,1585万,98.5万,38.8万,9.7,9922人评
2019-09-18 05:48:29,1585万,98.5万,38.8万,9.7,9922人评
2019-09-18 06:48:30,1585万,98.5万,38.8万,9.7,9922人评
2019-09-18 07:48:30,1585万,98.5万,38.8万,9.7,9922人评
2019-09-18 08:48:30,1585.1万,98.5万,38.8万,9.7,9922人评
2019-09-18 09:48:30,1585.1万,98.5万,38.8万,9.7,9922人评
2019-09-18 10:48:31,1585.1万,98.5万,38.8万,9.7,9922人评
2019-09-18 11:48:31,1585.1万,98.5万,38.8万,9.7,9922人评
2019-09-18 12:48:32,1585.1万,98.5万,38.8万,9.7,9922人评
2019-09-18 13:48:33,1585.1万,98.5万,38.8万,9.7,9922人评
2019-09-18 14:48:34,1585.2万,98.5万,38.8万,9.7,9923人评
2019-09-18 15:48:35,1585.2万,98.5万,38.8万,9.7,9923人评
2019-09-18 16:48:36,1585.2万,98.5万,38.8万,9.7,9924人评
2019-09-18 17:48:37,1585.2万,98.5万,38.8万,9.7,9925人评
2019-09-18 18:48:39,1585.3万,98.5万,38.8万,9.7,9925人评
2019-09-18 19:48:40,1585.3万,98.5万,38.8万,9.7,9925人评
2019-09-18 20:48:41,1585.3万,98.5万,38.8万,9.7,9925人评
2019-09-18 21:48:43,1585.4万,98.5万,38.8万,9.7,9925人评
2019-09-18 22:48:44,1585.4万,98.5万,38.8万,9.7,9925人评
2019-09-18 23:48:45,1585.5万,98.5万,38.8万,9.7,9927人评
2019-09-19 00:48:46,1585.5万,98.5万,38.8万,9.7,9927人评
2019-09-19 01:48:47,1585.6万,98.6万,38.8万,9.7,9927人评
2019-09-19 02:48:49,1585.6万,98.6万,38.8万,9.7,9927人评
2019-09-19 03:48:50,1585.7万,98.6万,38.8万,9.7,9927人评
2019-09-19 04:48:51,1585.7万,98.6万,38.8万,9.7,9927人评
2019-09-19 05:48:52,1585.7万,98.6万,38.8万,9.7,9927人评
2019-09-19 06:48:53,1585.7万,98.6万,38.8万,9.7,9927人评
2019-09-19 07:48:54,1585.7万,98.6万,38.8万,9.7,9927人评
2019-09-19 08:48:56,1585.7万,98.6万,38.8万,9.7,9927人评
2019-09-19 09:48:57,1585.7万,98.6万,38.8万,9.7,9927人评
2019-09-19 10:48:59,1585.7万,98.6万,38.8万,9.7,9927人评
2019-09-19 11:49:00,1585.7万,98.6万,38.8万,9.7,9927人评
2019-09-19 12:49:01,1585.8万,98.6万,38.8万,9.7,9927人评
2019-09-19 13:49:02,1585.8万,98.6万,38.8万,9.7,9928人评
2019-09-19 14:49:03,1585.8万,98.6万,38.8万,9.7,9928人评
2019-09-19 15:49:05,1585.8万,98.6万,38.8万,9.7,9928人评
2019-09-19 16:49:06,1585.9万,98.6万,38.8万,9.7,9928人评
2019-09-19 17:49:08,1585.9万,98.6万,38.8万,9.7,9928人评
2019-09-19 18:49:09,1585.9万,98.6万,38.8万,9.7,9928人评
2019-09-19 19:49:10,1585.9万,98.6万,38.8万,9.7,9928人评
2019-09-19 20:49:11,1586万,98.6万,38.8万,9.7,9928人评
2019-09-19 21:49:13,1586万,98.6万,38.8万,9.7,9928人评
2019-09-19 22:49:15,1586.1万,98.6万,38.8万,9.7,9928人评
2019-09-19 23:49:17,1586.1万,98.6万,38.8万,9.7,9929人评
2019-09-20 00:49:18,1586.2万,98.6万,38.8万,9.7,9930人评
2019-09-20 01:49:19,1586.2万,98.6万,38.8万,9.7,9933人评
2019-09-20 02:49:20,1586.3万,98.6万,38.8万,9.7,9933人评
2019-09-20 03:49:21,1586.3万,98.6万,38.8万,9.7,9933人评
2019-09-20 04:49:22,1586.3万,98.6万,38.8万,9.7,9933人评
2019-09-20 05:49:23,1586.3万,98.6万,38.8万,9.7,9933人评
2019-09-20 06:49:25,1586.3万,98.6万,38.8万,9.7,9933人评
2019-09-20 07:49:26,1586.3万,98.6万,38.8万,9.7,9933人评
2019-09-20 08:49:27,1586.3万,98.6万,38.8万,9.7,9933人评
2019-09-20 09:49:28,1586.3万,98.6万,38.8万,9.7,9933人评
2019-09-20 10:49:29,1586.3万,98.6万,38.8万,9.7,9933人评
2019-09-20 11:49:30,1586.4万,98.6万,38.8万,9.7,9933人评
2019-09-20 12:49:31,1586.4万,98.6万,38.8万,9.7,9933人评
2019-09-20 13:49:32,1586.4万,98.6万,38.8万,9.7,9933人评
2019-09-20 14:49:33,1586.4万,98.6万,38.8万,9.7,9933人评
2019-09-20 15:49:34,1586.5万,98.6万,38.8万,9.7,9933人评
2019-09-20 16:49:36,1586.5万,98.6万,38.8万,9.7,9933人评
2019-09-20 17:49:37,1586.5万,98.6万,38.8万,9.7,9933人评
2019-09-20 18:49:38,1586.5万,98.6万,38.8万,9.7,9933人评
2019-09-20 19:49:39,1586.6万,98.6万,38.8万,9.7,9933人评
2019-09-20 20:49:40,1586.6万,98.6万,38.8万,9.7,9933人评
2019-09-20 21:49:41,1586.6万,98.6万,38.8万,9.7,9933人评
2019-09-20 22:49:42,1586.7万,98.6万,38.8万,9.7,9933人评
2019-09-20 23:49:44,1586.7万,98.6万,38.8万,9.7,9933人评
2019-09-21 00:49:45,1586.8万,98.6万,38.8万,9.7,9933人评
2019-09-21 01:49:46,1586.8万,98.6万,38.8万,9.7,9933人评
2019-09-21 02:49:47,1586.8万,98.6万,38.8万,9.7,9933人评
2019-09-21 03:49:48,1586.9万,98.6万,38.8万,9.7,9933人评
2019-09-21 04:49:49,1586.9万,98.6万,38.8万,9.7,9933人评
2019-09-21 05:49:50,1586.9万,98.6万,38.8万,9.7,9933人评
2019-09-21 06:49:51,1586.9万,98.6万,38.8万,9.7,9933人评
2019-09-21 07:49:52,1586.9万,98.6万,38.8万,9.7,9933人评
2019-09-21 08:49:53,1586.9万,98.6万,38.8万,9.7,9934人评
2019-09-21 09:49:55,1586.9万,98.6万,38.8万,9.7,9935人评
2019-09-21 10:49:56,1587万,98.6万,38.8万,9.7,9935人评
2019-09-21 11:49:57,1587万,98.6万,38.8万,9.7,9935人评
2019-09-21 12:49:59,1587万,98.6万,38.8万,9.7,9935人评
2019-09-21 13:50:00,1587.1万,98.6万,38.8万,9.7,9935人评
2019-09-21 14:50:01,1587.1万,98.6万,38.8万,9.7,9935人评
2019-09-21 15:50:02,1587.1万,98.6万,38.8万,9.7,9935人评
2019-09-21 16:50:03,1587.1万,98.6万,38.8万,9.7,9935人评
2019-09-21 17:50:04,1587.2万,98.6万,38.8万,9.7,9936人评
2019-09-21 18:50:05,1587.2万,98.6万,38.8万,9.7,9937人评
2019-09-21 19:50:06,1587.3万,98.6万,38.8万,9.7,9937人评
2019-09-21 20:50:07,1587.3万,98.6万,38.8万,9.7,9938人评
2019-09-21 21:50:09,1587.3万,98.6万,38.8万,9.7,9938人评
2019-09-21 22:50:10,1587.4万,98.6万,38.8万,9.7,9941人评
2019-09-21 23:50:11,1587.4万,98.6万,38.8万,9.7,9942人评
2019-09-22 00:50:12,1587.5万,98.6万,38.8万,9.7,9942人评
2019-09-22 01:50:14,1587.6万,98.6万,38.8万,9.7,9943人评
2019-09-22 02:50:15,1587.6万,98.6万,38.9万,9.7,9945人评
2019-09-22 03:50:16,1587.6万,98.6万,38.9万,9.7,9946人评
2019-09-22 04:50:18,1587.6万,98.6万,38.9万,9.7,9946人评
2019-09-22 05:50:19,1587.7万,98.6万,38.9万,9.7,9946人评
2019-09-22 06:50:21,1587.7万,98.6万,38.9万,9.7,9946人评
2019-09-22 07:50:22,1587.7万,98.6万,38.9万,9.7,9946人评
2019-09-22 08:50:23,1587.7万,98.6万,38.9万,9.7,9946人评
2019-09-22 09:50:25,1587.7万,98.6万,38.9万,9.7,9946人评
2019-09-22 10:50:26,1587.7万,98.6万,38.9万,9.7,9946人评
2019-09-22 11:50:27,1587.8万,98.6万,38.9万,9.7,9946人评
2019-09-22 12:50:28,1587.8万,98.6万,38.9万,9.7,9946人评
2019-09-22 13:50:29,1587.9万,98.6万,38.9万,9.7,9946人评
2019-09-22 14:50:30,1587.9万,98.6万,38.9万,9.7,9946人评
2019-09-22 15:50:32,1587.9万,98.6万,38.9万,9.7,9946人评
2019-09-22 16:50:33,1588万,98.6万,38.9万,9.7,9946人评
2019-09-22 17:50:34,1588万,98.6万,38.9万,9.7,9946人评
2019-09-22 18:50:35,1588.1万,98.6万,38.9万,9.7,9946人评
2019-09-22 19:50:36,1588.1万,98.6万,38.9万,9.7,9947人评
2019-09-22 20:50:37,1588.1万,98.6万,38.9万,9.7,9948人评
2019-09-22 21:50:38,1588.2万,98.6万,38.9万,9.7,9948人评
2019-09-22 22:50:39,1588.2万,98.6万,38.9万,9.7,9948人评
2019-09-22 23:50:41,1588.3万,98.7万,38.9万,9.7,9949人评
2019-09-23 00:50:42,1588.3万,98.7万,38.9万,9.7,9950人评
2019-09-23 01:50:43,1588.4万,98.7万,38.9万,9.7,9950人评
2019-09-23 02:50:45,1588.4万,98.7万,38.9万,9.7,9950人评
2019-09-23 03:50:46,1588.4万,98.7万,38.9万,9.7,9950人评
2019-09-23 04:50:47,1588.4万,98.7万,38.9万,9.7,9950人评
2019-09-23 05:50:48,1588.5万,98.7万,38.9万,9.7,9950人评
2019-09-23 06:50:50,1588.5万,98.7万,38.9万,9.7,9950人评
2019-09-23 07:50:51,1588.5万,98.7万,38.9万,9.7,9950人评
2019-09-23 08:50:52,1588.5万,98.7万,38.9万,9.7,9950人评
2019-09-23 09:50:53,1588.5万,98.7万,38.9万,9.7,9950人评
2019-09-23 10:50:54,1588.5万,98.7万,38.9万,9.7,9950人评
2019-09-23 11:50:55,1588.5万,98.7万,38.9万,9.7,9950人评
2019-09-23 12:50:57,1588.5万,98.7万,38.9万,9.7,9950人评
2019-09-23 13:50:58,1588.6万,98.7万,38.9万,9.7,9952人评
2019-09-23 14:50:59,1588.6万,98.7万,38.9万,9.7,9952人评
2019-09-23 15:51:00,1588.6万,98.7万,38.9万,9.7,9952人评
2019-09-23 16:51:01,1588.6万,98.7万,38.9万,9.7,9953人评
2019-09-23 17:51:03,1588.6万,98.7万,38.9万,9.7,9953人评
2019-09-23 18:51:04,1588.7万,98.7万,38.9万,9.7,9953人评
2019-09-23 19:51:05,1588.7万,98.7万,38.9万,9.7,9954人评
2019-09-23 20:51:06,1588.7万,98.7万,38.9万,9.7,9954人评
2019-09-23 21:51:07,1588.8万,98.7万,38.9万,9.7,9956人评
2019-09-23 22:51:09,1588.8万,98.7万,38.9万,9.7,9956人评
2019-09-23 23:51:10,1588.9万,98.7万,38.9万,9.7,9957人评
2019-09-24 00:51:11,1588.9万,98.7万,38.9万,9.7,9957人评
2019-09-24 01:51:13,1589万,98.7万,38.9万,9.7,9957人评
2019-09-24 02:51:14,1589万,98.7万,38.9万,9.7,9957人评
2019-09-24 03:51:15,1589万,98.7万,38.9万,9.7,9957人评
2019-09-24 04:51:16,1589万,98.7万,38.9万,9.7,9958人评
2019-09-24 05:51:17,1589万,98.7万,38.9万,9.7,9958人评
2019-09-24 06:51:18,1589万,98.7万,38.9万,9.7,9958人评
2019-09-24 07:51:20,1589万,98.7万,38.9万,9.7,9958人评
2019-09-24 08:51:21,1589.1万,98.7万,38.9万,9.7,9958人评
2019-09-24 09:51:22,1589.1万,98.7万,38.9万,9.7,9958人评
2019-09-24 10:51:24,1589.1万,98.7万,38.9万,9.7,9958人评
2019-09-24 11:51:26,1589.1万,98.7万,38.9万,9.7,9958人评
2019-09-24 12:51:27,1589.1万,98.7万,38.9万,9.7,9958人评
2019-09-24 13:51:28,1589.1万,98.7万,38.9万,9.7,9958人评
2019-09-24 14:51:29,1589.2万,98.7万,38.9万,9.7,9958人评
2019-09-24 15:51:30,1589.2万,98.7万,38.9万,9.7,9958人评
2019-09-24 16:51:31,1589.2万,98.7万,38.9万,9.7,9958人评
2019-09-24 17:51:32,1589.2万,98.7万,38.9万,9.7,9958人评
2019-09-24 18:51:33,1589.2万,98.7万,38.9万,9.7,9958人评
2019-09-24 19:51:34,1589.3万,98.7万,38.9万,9.7,9958人评
2019-09-24 20:51:36,1589.3万,98.7万,38.9万,9.7,9958人评
2019-09-24 21:51:37,1589.3万,98.7万,38.9万,9.7,9958人评
2019-09-24 22:51:38,1589.4万,98.7万,38.9万,9.7,9958人评
2019-09-24 23:51:39,1589.4万,98.7万,38.9万,9.7,9958人评
2019-09-25 00:51:41,1589.5万,98.7万,38.9万,9.7,9959人评
2019-09-25 01:51:42,1589.5万,98.7万,38.9万,9.7,9960人评
2019-09-25 02:51:43,1589.5万,98.7万,38.9万,9.7,9960人评
2019-09-25 03:51:44,1589.6万,98.7万,38.9万,9.7,9960人评
2019-09-25 04:51:45,1589.6万,98.7万,38.9万,9.7,9960人评
2019-09-25 05:51:46,1589.6万,98.7万,38.9万,9.7,9960人评
2019-09-25 06:51:47,1589.6万,98.7万,38.9万,9.7,9960人评
2019-09-25 07:51:49,1589.6万,98.7万,38.9万,9.7,9960人评
2019-09-25 08:51:50,1589.6万,98.7万,38.9万,9.7,9960人评
2019-09-25 09:51:51,1589.6万,98.7万,38.9万,9.7,9961人评
2019-09-25 10:51:52,1589.6万,98.7万,38.9万,9.7,9961人评
2019-09-25 11:51:53,1589.6万,98.7万,38.9万,9.7,9962人评
2019-09-25 12:51:54,1589.7万,98.7万,38.9万,9.7,9962人评
2019-09-25 13:51:56,1589.7万,98.7万,38.9万,9.7,9963人评
2019-09-25 14:51:58,1589.7万,98.7万,38.9万,9.7,9963人评
2019-09-25 15:51:59,1589.7万,98.7万,38.9万,9.7,9963人评
2019-09-25 16:52:00,1589.8万,98.7万,38.9万,9.7,9964人评
2019-09-25 17:52:01,1589.8万,98.7万,38.9万,9.7,9964人评
2019-09-25 18:52:02,1589.8万,98.7万,38.9万,9.7,9964人评
2019-09-25 19:52:04,1589.8万,98.7万,38.9万,9.7,9964人评
2019-09-25 20:52:05,1589.9万,98.7万,38.9万,9.7,9964人评
2019-09-25 21:52:06,1589.9万,98.7万,38.9万,9.7,9964人评
2019-09-25 22:52:07,1589.9万,98.7万,38.9万,9.7,9964人评
2019-09-25 23:52:08,1590万,98.7万,38.9万,9.7,9964人评
2019-09-26 00:52:09,1590.1万,98.7万,38.9万,9.7,9964人评
2019-09-26 01:52:10,1590.1万,98.7万,38.9万,9.7,9964人评
2019-09-26 02:02:23,1590.1万,98.7万,38.9万,9.7,9964人评
2019-09-26 03:02:25,1590.1万,98.7万,38.9万,9.7,9964人评
2019-09-26 04:02:26,1590.1万,98.7万,38.9万,9.7,9964人评
2019-09-26 05:02:28,1590.2万,98.7万,38.9万,9.7,9964人评
2019-09-26 06:02:29,1590.2万,98.7万,38.9万,9.7,9964人评
2019-09-26 07:02:31,1590.2万,98.7万,38.9万,9.7,9964人评
2019-09-26 08:02:33,1590.2万,98.7万,38.9万,9.7,9964人评
2019-09-26 09:02:34,1590.2万,98.7万,38.9万,9.7,9964人评
2019-09-26 10:02:36,1590.2万,98.7万,38.9万,9.7,9964人评
2019-09-26 11:02:38,1590.2万,98.7万,38.9万,9.7,9964人评
2019-09-26 12:02:40,1590.2万,98.7万,38.9万,9.7,9965人评
2019-09-26 13:02:41,1590.3万,98.7万,38.9万,9.7,9965人评
2019-09-26 14:02:43,1590.3万,98.7万,38.9万,9.7,9965人评
2019-09-26 15:02:44,1590.3万,98.7万,38.9万,9.7,9965人评
2019-09-26 16:02:46,1590.3万,98.7万,38.9万,9.7,9965人评
2019-09-26 17:02:48,1590.4万,98.7万,38.9万,9.7,9965人评
2019-09-26 18:02:50,1590.4万,98.7万,38.9万,9.7,9965人评
2019-09-26 19:02:51,1590.4万,98.7万,38.9万,9.7,9965人评
2019-09-26 20:02:53,1590.4万,98.7万,38.9万,9.7,9966人评
2019-09-26 21:02:55,1590.5万,98.7万,38.9万,9.7,9966人评
2019-09-26 22:02:57,1590.5万,98.7万,38.9万,9.7,9966人评
2019-09-26 23:02:59,1590.5万,98.7万,38.9万,9.7,9966人评
2019-09-27 00:03:00,1590.6万,98.7万,38.9万,9.7,9966人评
2019-09-27 01:03:02,1590.7万,98.7万,38.9万,9.7,9966人评
2019-09-27 02:03:04,1590.7万,98.7万,38.9万,9.7,9967人评
2019-09-27 03:03:05,1590.7万,98.7万,38.9万,9.7,9967人评
2019-09-27 04:03:07,1590.7万,98.7万,38.9万,9.7,9967人评
2019-09-27 05:03:00,15907491,988176,389069,9.7,9967
2019-09-27 06:03:02,15907577,988177,389070,9.7,9967
2019-09-27 07:03:04,15907632,988178,389072,9.7,9967
2019-09-27 08:03:05,15907704,988183,389072,9.7,9967
2019-09-27 09:03:06,15907800,988188,389072,9.7,9967
2019-09-27 10:03:06,15907936,988194,389073,9.7,9967
2019-09-27 11:03:06,15908046,988196,389075,9.7,9967
2019-09-27 12:03:06,15908223,988203,389078,9.7,9967
2019-09-27 13:03:07,15908439,988212,389084,9.7,9967
2019-09-27 14:03:07,15908796,988227,389085,9.7,9968
2019-09-27 15:03:07,15909059,988237,389086,9.7,9969
2019-09-27 16:03:07,15909265,988245,389090,9.7,9969
2019-09-27 17:03:07,15909425,988253,389094,9.7,9969
2019-09-27 18:03:08,15909646,988264,389096,9.7,9969
2019-09-27 19:03:08,15909900,988276,389098,9.7,9969
2019-09-27 20:03:08,15910195,988295,389101,9.7,9969
2019-09-27 21:03:08,15910508,988316,389105,9.7,9969
2019-09-27 22:03:08,15910869,988329,389110,9.7,9969
2019-09-27 23:03:09,15911297,988341,389122,9.7,9969
2019-09-28 00:03:09,15911838,988359,389134,9.7,9969
2019-09-28 01:03:09,15912365,988378,389143,9.7,9969
2019-09-28 02:03:09,15912789,988390,389151,9.7,9970
2019-09-28 02:07:42,1591.3万,98.8万,38.9万,9.7,9970人评
2019-09-28 03:03:10,15913063,988395,389155,9.7,9970
2019-09-28 04:03:10,15913247,988399,389171,9.7,9970
2019-09-28 05:03:10,15913371,988406,389178,9.7,9970
2019-09-28 06:03:10,15913454,988414,389180,9.7,9971
2019-09-28 07:03:10,15913513,988418,389189,9.7,9971
2019-09-28 08:03:11,15913597,988420,389190,9.7,9971
2019-09-28 09:03:11,15913731,988429,389192,9.7,9971
2019-09-28 10:03:11,15913929,988446,389194,9.7,9971
2019-09-28 11:03:11,15914148,988461,389202,9.7,9971
2019-09-28 12:03:11,15914392,988471,389204,9.7,9971
2019-09-28 13:03:12,15914717,988491,389204,9.7,9971
2019-09-28 14:03:12,15915114,988499,389210,9.7,9971
2019-09-28 15:03:12,15915480,988513,389214,9.7,9971
2019-09-28 16:03:12,15915786,988532,389217,9.7,9971
2019-09-28 17:03:12,15916067,988545,389221,9.7,9971
2019-09-28 18:03:13,15916359,988554,389224,9.7,9971
2019-09-28 19:03:13,15916719,988571,389226,9.7,9971
2019-09-28 20:03:13,15917076,988581,389228,9.7,9971
2019-09-28 21:03:13,15917442,988596,389232,9.7,9971
2019-09-28 22:03:14,15917807,988610,389234,9.7,9971
2019-09-28 23:03:14,15918239,988618,389249,9.7,9972
2019-09-29 00:03:14,15918747,988643,389251,9.7,9972
2019-09-29 01:03:14,15919349,988669,389255,9.7,9972
2019-09-29 02:03:14,15919801,988684,389264,9.7,9972
2019-09-29 03:03:15,15920077,988690,389275,9.7,9972
2019-09-29 04:03:15,15920249,988693,389283,9.7,9973
2019-09-29 05:03:15,15920367,988698,389294,9.7,9973
2019-09-29 06:03:15,15920456,988699,389294,9.7,9973
2019-09-29 07:03:15,15920520,988702,389296,9.7,9973
2019-09-29 08:03:16,15920602,988704,389296,9.7,9974
2019-09-29 09:03:16,15920688,988707,389298,9.7,9974
2019-09-29 10:03:16,15920813,988713,389300,9.7,9974
2019-09-29 11:03:16,15920958,988718,389302,9.7,9974
2019-09-29 12:03:16,15921143,988721,389306,9.7,9974
2019-09-29 13:03:17,15921387,988732,389319,9.7,9974
2019-09-29 14:03:17,15921743,988744,389321,9.7,9974
2019-09-29 15:03:17,15922033,988753,389326,9.7,9974
2019-09-29 16:03:18,15922277,988767,389332,9.7,9974
2019-09-29 17:03:18,15922483,988783,389337,9.7,9975
2019-09-29 18:03:18,15922685,988792,389337,9.7,9975
2019-09-29 19:03:18,15922958,988803,389339,9.7,9976
2019-09-29 20:03:18,15923312,988820,389341,9.7,9976
2019-09-29 21:03:19,15923649,988837,389342,9.7,9976
2019-09-29 22:03:19,15924011,988842,389373,9.7,9976
2019-09-29 23:03:20,15924443,988859,389387,9.7,9977
2019-09-30 00:03:21,15924902,988872,389393,9.7,9977
2019-09-30 01:03:22,15925432,988898,389404,9.7,9977
2019-09-30 02:03:23,15925859,988906,389419,9.7,9977
2019-09-30 03:03:24,15926109,988923,389424,9.7,9977
2019-09-30 04:03:25,15926256,988931,389426,9.7,9977
2019-09-30 05:03:25,15926360,988933,389427,9.7,9977
2019-09-30 06:03:26,15926436,988936,389432,9.7,9977
2019-09-30 07:03:27,15926502,988936,389441,9.7,9977
2019-09-30 08:03:28,15926593,988941,389442,9.7,9977
2019-09-30 09:03:29,15926716,988943,389459,9.7,9977
2019-09-30 10:03:29,15926865,988951,389463,9.7,9977
2019-09-30 11:03:30,15927015,988961,389469,9.7,9977
2019-09-30 12:03:31,15927235,988967,389470,9.7,9977
2019-09-30 13:03:32,15927412,988979,389472,9.7,9977
2019-09-30 14:03:33,15927794,988990,389479,9.7,9977
2019-09-30 15:03:34,15928133,989001,389483,9.7,9977
2019-09-30 16:03:35,15928391,989008,389483,9.7,9977
2019-09-30 17:03:35,15928593,989012,389492,9.7,9978
2019-09-30 18:03:36,15928884,989024,389503,9.7,9978
2019-09-30 19:03:37,15929198,989040,389504,9.7,9978
2019-09-30 20:03:38,15929577,989059,389515,9.7,9978
2019-09-30 21:03:39,15929957,989078,389537,9.7,9978
2019-09-30 22:03:40,15930359,989097,389550,9.7,9978
2019-09-30 23:03:41,15930889,989123,389580,9.7,9978
2019-10-01 00:03:42,15931506,989157,389603,9.7,9978
2019-10-01 01:03:43,15932169,989184,389620,9.7,9979
2019-10-01 02:03:43,15932734,989206,389635,9.7,9979
2019-10-01 03:03:44,15933132,989218,389638,9.7,9979
2019-10-01 04:03:45,15933334,989228,389638,9.7,9979
2019-10-01 05:03:46,15933487,989235,389638,9.7,9979
2019-10-01 06:03:47,15933624,989241,389641,9.7,9979
2019-10-01 07:03:48,15933721,989245,389641,9.7,9979
2019-10-01 08:03:49,15933823,989249,389644,9.7,9979
2019-10-01 09:03:50,15933985,989252,389652,9.7,9979
2019-10-01 10:03:51,15934200,989259,389654,9.7,9979
2019-10-01 11:03:52,15934453,989274,389666,9.7,9979
2019-10-01 12:03:53,15934626,989285,389667,9.7,9979
2019-10-01 13:03:54,15934921,989291,389674,9.7,9979
2019-10-01 14:03:55,15935305,989305,389685,9.7,9979
2019-10-01 15:03:55,15935772,989318,389691,9.7,9979
2019-10-01 16:03:56,15936218,989339,389703,9.7,9979
2019-10-01 17:03:57,15936663,989354,389727,9.7,9979
2019-10-01 18:03:58,15937095,989368,389743,9.7,9979
2019-10-01 19:03:59,15937533,989390,389754,9.7,9980
2019-10-01 20:04:00,15938041,989414,389762,9.7,9980
2019-10-01 21:04:01,15938591,989433,389765,9.7,9980
2019-10-01 22:04:02,15939164,989449,389776,9.7,9980
2019-10-01 23:04:03,15939821,989472,389785,9.7,9980
2019-10-02 00:04:04,15940560,989495,389792,9.7,9980
2019-10-02 01:04:05,15941303,989513,389803,9.7,9981
2019-10-02 02:04:06,15941911,989531,389811,9.7,9982
2019-10-02 03:04:07,15942336,989552,389814,9.7,9982
2019-10-02 04:04:08,15942586,989564,389818,9.7,9982
2019-10-02 05:04:09,15942739,989572,389825,9.7,9983
2019-10-02 06:04:10,15942846,989574,389825,9.7,9983
2019-10-02 07:04:10,15942956,989576,389831,9.7,9983
2019-10-02 08:04:11,15943087,989580,389834,9.7,9983
2019-10-02 09:04:12,15943299,989586,389838,9.7,9983
2019-10-02 10:04:13,15943574,989598,389848,9.7,9983
2019-10-02 11:04:14,15943980,989624,389856,9.7,9983
2019-10-02 12:04:15,15944460,989639,389863,9.7,9985
2019-10-02 13:04:15,15944926,989656,389871,9.7,9985
2019-10-02 14:04:16,15945435,989677,389876,9.7,9985
2019-10-02 15:04:17,15945921,989681,389884,9.7,9985
2019-10-02 16:04:18,15946440,989692,389894,9.7,9986
2019-10-02 17:04:19,15946903,989709,389902,9.7,9986
2019-10-02 18:04:20,15947452,989724,389911,9.7,9986
2019-10-02 19:04:21,15947999,989744,389933,9.7,9986
2019-10-02 20:04:21,15948495,989784,389949,9.7,9986
2019-10-02 21:04:23,15949107,989802,389959,9.7,9986
2019-10-02 22:04:24,15949687,989837,389976,9.7,9986
2019-10-02 23:04:29,15950530,989865,389987,9.7,9986
2019-10-03 00:04:31,15951658,990139,390025,9.7,9988
2019-10-03 01:04:34,15952787,990342,390048,9.7,9989
2019-10-03 02:04:35,15953616,990469,390093,9.7,9989
2019-10-03 03:04:36,15954290,990587,390106,9.7,9989
2019-10-03 04:04:37,15954757,990655,390115,9.7,9989
2019-10-03 05:04:37,15955053,990709,390120,9.7,9989
2019-10-03 06:04:38,15955279,990738,390121,9.7,9989
2019-10-03 07:04:39,15955433,990761,390128,9.7,9990
2019-10-03 08:04:40,15955668,990805,390131,9.7,9990
2019-10-03 09:04:41,15956149,990963,390139,9.7,9990
2019-10-03 10:04:42,15956967,991244,390151,9.7,9990
2019-10-03 11:04:42,15957919,991557,390177,9.7,9991
2019-10-03 12:04:44,15958980,991828,390209,9.7,9991
2019-10-03 13:04:45,15960110,992071,390235,9.7,9991
2019-10-03 14:04:46,15961356,992288,390261,9.7,9991
2019-10-03 15:04:47,15962588,992494,390294,9.7,9992
2019-10-03 16:04:48,15963671,992619,390331,9.7,9993
2019-10-03 17:04:48,15964736,992733,390357,9.7,9994
2019-10-03 18:04:50,15965764,992843,390406,9.7,9997
2019-10-03 19:04:51,15966839,992965,390424,9.7,9998
2019-10-03 20:04:52,15967899,993062,390443,9.7,9999
2019-10-03 21:04:55,15969031,993189,390465,9.7,10002
2019-10-03 22:04:56,15970304,993301,390486,9.7,10003
2019-10-03 23:04:56,15971643,993434,390515,9.7,10005
2019-10-04 00:04:57,15973157,993564,390562,9.7,10006
2019-10-04 01:04:58,15974629,993675,390597,9.7,10006
2019-10-04 02:04:59,15975754,993757,390617,9.7,10007
2019-10-04 03:05:00,15976427,993809,390627,9.7,10007
2019-10-04 04:05:01,15976953,993847,390639,9.7,10007
2019-10-04 05:05:02,15977228,993868,390646,9.7,10007
2019-10-04 06:05:03,15977422,993887,390651,9.7,10007
2019-10-04 07:05:04,15977560,993895,390651,9.7,10007
2019-10-04 08:05:04,15977736,993908,390653,9.7,10007
2019-10-04 09:05:05,15978066,993946,390655,9.7,10007
2019-10-04 10:05:06,15978670,994029,390656,9.7,10007
2019-10-04 11:05:07,15979430,994122,390670,9.7,10008
2019-10-04 12:05:08,15980334,994239,390695,9.7,10008
2019-10-04 13:05:09,15981450,994343,390713,9.7,10010
2019-10-04 14:05:10,15982551,994467,390745,9.7,10011
2019-10-04 15:05:11,15983566,994568,390792,9.7,10011
2019-10-04 16:05:11,15984573,994638,390811,9.7,10012
2019-10-04 17:05:12,15985537,994728,390828,9.7,10012
2019-10-04 18:05:14,15986532,994808,390854,9.7,10013
2019-10-04 19:05:14,15987513,994871,390873,9.7,10014
2019-10-04 20:05:15,15988469,994958,390902,9.7,10015
2019-10-04 21:05:16,15989530,995036,390956,9.7,10015
2019-10-04 22:05:17,15990673,995111,391027,9.7,10015
2019-10-04 23:05:18,15991985,995204,391089,9.7,10016
2019-10-05 00:05:19,15993418,995288,391151,9.7,10017
2019-10-05 01:05:21,15994849,995373,391237,9.7,10017
2019-10-05 02:05:23,15996040,995450,391276,9.7,10017
2019-10-05 03:05:24,15996845,995487,391293,9.7,10018
2019-10-05 04:05:25,15997382,995517,391313,9.7,10018
2019-10-05 05:05:26,15997726,995529,391319,9.7,10019
2019-10-05 06:05:27,15997960,995537,391323,9.7,10019
2019-10-05 07:05:28,15998083,995541,391325,9.7,10019
2019-10-05 08:05:29,15998246,995545,391331,9.7,10019
2019-10-05 09:05:29,15998558,995562,391335,9.7,10019
2019-10-05 10:05:30,15999071,995594,391349,9.7,10020
2019-10-05 11:05:31,15999759,995629,391377,9.7,10022
2019-10-05 12:05:32,16000609,995673,391405,9.7,10022
2019-10-05 13:05:33,16001600,995728,391446,9.7,10022
2019-10-05 14:05:34,16002586,995780,391469,9.7,10022
2019-10-05 15:05:35,16003560,995856,391511,9.7,10022
2019-10-05 16:05:37,16004525,995904,391564,9.7,10022
2019-10-05 17:05:38,16005413,995961,391627,9.7,10022
2019-10-05 18:05:40,16006349,996006,391645,9.7,10022
2019-10-05 19:05:41,16007292,996066,391667,9.7,10022
2019-10-05 20:05:42,16008322,996116,391703,9.7,10023
2019-10-05 21:05:44,16009297,996183,391731,9.7,10024
2019-10-05 22:05:47,16010430,996262,391769,9.7,10025
2019-10-05 23:05:49,16011797,996316,391808,9.7,10025
2019-10-06 00:05:50,16013191,996406,391867,9.7,10026
2019-10-06 01:05:51,16014539,996464,391930,9.7,10028
2019-10-06 02:05:54,16015731,996508,391972,9.7,10031
2019-10-06 03:05:55,16016528,996554,392006,9.7,10031
2019-10-06 04:05:56,16017047,996572,392011,9.7,10031
2019-10-06 05:05:56,16017318,996582,392014,9.7,10033
2019-10-06 06:05:57,16017487,996587,392014,9.7,10034
2019-10-06 07:05:58,16017613,996592,392014,9.7,10034
2019-10-06 08:05:59,16017778,996592,392014,9.7,10034
2019-10-06 09:05:59,16018016,996609,392014,9.7,10034
2019-10-06 10:06:00,16018455,996628,392021,9.7,10034
2019-10-06 11:06:01,16019033,996654,392030,9.7,10034
2019-10-06 12:06:02,16019780,996694,392056,9.7,10035
2019-10-06 13:06:03,16020558,996713,392097,9.7,10035
2019-10-06 14:06:04,16021414,996733,392114,9.7,10035
2019-10-06 15:06:05,16022295,996766,392152,9.7,10037
2019-10-06 16:06:06,16023156,996803,392173,9.7,10037
2019-10-06 17:06:07,16023922,996847,392187,9.7,10039
2019-10-06 18:06:08,16024702,996876,392200,9.7,10039
2019-10-06 19:06:09,16025523,996922,392232,9.7,10040
2019-10-06 20:06:10,16026396,996950,392245,9.7,10041
2019-10-06 21:06:11,16027367,996992,392278,9.7,10041
2019-10-06 22:06:13,16028501,997040,392313,9.7,10042
2019-10-06 23:06:14,16029669,997094,392348,9.7,10043
2019-10-07 00:06:14,16030974,997160,392397,9.7,10043
2019-10-07 01:06:16,16032271,997226,392435,9.7,10046
2019-10-07 02:06:17,16033340,997271,392462,9.7,10047
2019-10-07 03:06:17,16034135,997306,392495,9.7,10047
2019-10-07 04:06:18,16034647,997327,392514,9.7,10047
2019-10-07 05:06:19,16034930,997335,392520,9.7,10049
2019-10-07 06:06:20,16035141,997342,392523,9.7,10049
2019-10-07 07:06:20,16035280,997348,392523,9.7,10049
2019-10-07 08:06:21,16035488,997351,392523,9.7,10049
2019-10-07 09:06:22,16035769,997360,392534,9.7,10049
2019-10-07 10:06:23,16036162,997379,392537,9.7,10049
2019-10-07 11:06:24,16036774,997408,392546,9.7,10049
2019-10-07 12:06:24,16037499,997423,392556,9.7,10050
2019-10-07 13:06:25,16038325,997447,392571,9.7,10050
2019-10-07 14:06:26,16039238,997496,392583,9.7,10050
2019-10-07 15:06:27,16040143,997539,392599,9.7,10051
2019-10-07 16:06:28,16040991,997569,392624,9.7,10053
2019-10-07 17:06:29,16041788,997628,392635,9.7,10055
2019-10-07 18:06:29,16042578,997734,392653,9.7,10055
2019-10-07 19:06:30,16043370,997831,392674,9.7,10056
2019-10-07 20:06:31,16044200,997930,392687,9.7,10058
2019-10-07 21:06:32,16044934,997972,392699,9.7,10058
2019-10-07 22:06:33,16045787,998013,392708,9.7,10060
2019-10-07 23:06:35,16046736,998048,392720,9.7,10060
2019-10-08 00:06:36,16047795,998086,392730,9.7,10062
2019-10-08 01:06:37,16048715,998114,392770,9.7,10062
2019-10-08 02:06:38,16049415,998144,392779,9.7,10064
2019-10-08 03:06:39,16049849,998171,392781,9.7,10065
2019-10-08 04:06:40,16050082,998178,392792,9.7,10065
2019-10-08 05:06:40,16050231,998185,392798,9.7,10065
2019-10-08 06:06:41,16050355,998188,392798,9.7,10065
2019-10-08 07:06:42,16050465,998188,392798,9.7,10065
2019-10-08 08:06:42,16050607,998196,392799,9.7,10065
2019-10-08 09:06:43,16050778,998207,392799,9.7,10065
2019-10-08 10:06:44,16050924,998217,392802,9.7,10065
2019-10-08 11:06:45,16051109,998226,392804,9.7,10065
2019-10-08 12:06:46,16051330,998234,392808,9.7,10065
2019-10-08 13:06:47,16051590,998252,392809,9.7,10065
2019-10-08 14:06:47,16052106,998273,392815,9.7,10065
2019-10-08 15:06:48,16052553,998297,392823,9.7,10066
2019-10-08 16:06:49,16052810,998331,392823,9.7,10066
2019-10-08 17:06:50,16053083,998344,392830,9.7,10066
2019-10-08 18:06:51,16053418,998359,392841,9.7,10067
2019-10-08 19:06:51,16053846,998379,392846,9.7,10067
2019-10-08 20:06:52,16054321,998403,392858,9.7,10067
2019-10-08 21:06:53,16054803,998433,392866,9.7,10067
2019-10-08 22:06:54,16055384,998464,392875,9.7,10067
2019-10-08 23:06:55,16056137,998489,392886,9.7,10067
2019-10-09 00:06:56,16057091,998537,392899,9.7,10068
2019-10-09 01:06:57,16058151,998585,392920,9.7,10068
2019-10-09 02:06:58,16058858,998608,392938,9.7,10068
2019-10-09 03:06:59,16059284,998632,392943,9.7,10068
2019-10-09 04:07:00,16059523,998644,392945,9.7,10068
2019-10-09 05:07:00,16059657,998650,392946,9.7,10068
2019-10-09 06:07:01,16059756,998652,392946,9.7,10068
2019-10-09 07:07:02,16059870,998658,392946,9.7,10068
2019-10-09 08:07:03,16060010,998661,392946,9.7,10068
2019-10-09 09:07:04,16060164,998667,392948,9.7,10068
2019-10-09 10:07:05,16060344,998673,392949,9.7,10068
2019-10-09 11:07:05,16060523,998687,392951,9.7,10068
2019-10-09 12:07:07,16060750,998697,392955,9.7,10068
2019-10-09 13:07:08,16061106,998709,392960,9.7,10068
2019-10-09 14:07:09,16061723,998741,392978,9.7,10069
2019-10-09 15:07:10,16062093,998762,392990,9.7,10069
2019-10-09 16:07:11,16062367,998783,392991,9.7,10069
2019-10-09 17:07:12,16062665,998812,392996,9.7,10069
2019-10-09 18:07:13,16062986,998829,393000,9.7,10070
2019-10-09 19:07:15,16063358,998847,393005,9.7,10071
2019-10-09 20:07:16,16063834,998864,393014,9.7,10072
2019-10-09 21:07:17,16064362,998893,393020,9.7,10072
2019-10-09 22:07:18,16064946,998930,393031,9.7,10073
2019-10-09 23:07:20,16065692,998954,393045,9.7,10077
2019-10-10 00:07:21,16066577,998993,393056,9.7,10079
2019-10-10 01:07:22,16067428,999031,393063,9.7,10079
2019-10-10 02:07:23,16068078,999078,393070,9.7,10079
2019-10-10 03:07:24,16068448,999098,393072,9.7,10081
2019-10-10 04:07:25,16068611,999106,393075,9.7,10081
2019-10-10 05:07:26,16068733,999108,393076,9.7,10081
2019-10-10 06:07:27,16068841,999113,393078,9.7,10081
2019-10-10 07:07:28,16068922,999116,393078,9.7,10082
2019-10-10 08:07:28,16069009,999124,393078,9.7,10082
2019-10-10 09:07:30,16069139,999132,393079,9.7,10082
2019-10-10 10:07:31,16069304,999144,393081,9.7,10082
2019-10-10 11:07:32,16069463,999145,393081,9.7,10082
2019-10-10 12:07:33,16069677,999156,393083,9.7,10082
2019-10-10 13:07:33,16069954,999175,393086,9.7,10083
2019-10-10 14:07:34,16070481,999205,393094,9.7,10083
2019-10-10 15:07:36,16070859,999228,393107,9.7,10085
2019-10-10 16:07:36,16071135,999246,393117,9.7,10085
2019-10-10 17:07:37,16071437,999272,393129,9.7,10085
2019-10-10 18:07:38,16071754,999291,393140,9.7,10085
2019-10-10 19:07:39,16072195,999309,393143,9.7,10085
2019-10-18 15:09:32,16138170,1002164,394175,9.7,10130
2019-10-18 16:09:33,16138426,1002178,394182,9.7,10130
2019-10-18 17:09:33,16138674,1002188,394187,9.7,10130
2019-10-18 18:09:34,16138968,1002208,394192,9.7,10130
2019-10-18 19:09:34,16139295,1002235,394200,9.7,10130
2019-10-18 20:09:34,16139747,1002258,394207,9.7,10131
2019-10-18 21:09:34,16140214,1002298,394224,9.7,10131
2019-10-18 22:09:35,16140698,1002324,394236,9.7,10131
2019-10-18 23:09:35,16141313,1002355,394244,9.7,10132
2019-10-19 00:09:35,16142055,1002402,394258,9.7,10132
2019-10-19 01:09:35,16142840,1002436,394262,9.7,10132
2019-10-19 02:09:36,16143568,1002462,394272,9.7,10132
2019-10-19 03:09:36,16144054,1002472,394284,9.7,10132
2019-10-19 04:09:36,16144359,1002480,394285,9.7,10132
2019-10-19 05:09:36,16144537,1002485,394286,9.7,10132
2019-10-19 06:09:36,16144661,1002485,394287,9.7,10132
2019-10-19 07:09:37,16144733,1002486,394288,9.7,10132
2019-10-19 08:09:37,16144865,1002493,394289,9.7,10132
2019-10-19 09:09:37,16145047,1002508,394290,9.7,10132
2019-10-19 10:09:37,16145345,1002537,394290,9.7,10132
2019-10-19 11:09:38,16145672,1002574,394297,9.7,10133
2019-10-19 12:09:38,16146074,1002607,394301,9.7,10133
2019-10-19 13:09:39,16146524,1002634,394307,9.7,10133
2019-10-19 14:09:39,16147146,1002665,394312,9.7,10133
2019-10-19 15:09:39,16147704,1002687,394318,9.7,10133
2019-10-19 16:09:39,16148221,1002717,394322,9.7,10133
2019-10-19 17:09:40,16148739,1002750,394337,9.7,10133
2019-10-19 18:09:40,16149258,1002776,394346,9.7,10133
2019-10-19 19:09:40,16149789,1002797,394350,9.7,10134
2019-10-19 20:09:40,16150361,1002828,394379,9.7,10135
2019-10-19 21:09:41,16151002,1002863,394402,9.7,10136
2019-10-19 22:09:41,16151596,1002900,394426,9.7,10136
2019-10-19 23:09:41,16152322,1002945,394438,9.7,10136
2019-10-20 00:09:41,16153100,1002976,394448,9.7,10137
2019-10-20 01:09:42,16154008,1003010,394453,9.7,10137
2019-10-20 02:09:42,16154721,1003041,394470,9.7,10138
2019-10-20 03:09:42,16155221,1003061,394473,9.7,10139
2019-10-20 04:09:42,16155521,1003069,394477,9.7,10139
2019-10-20 05:09:43,16155673,1003078,394479,9.7,10139
2019-10-20 06:09:43,16155764,1003077,394479,9.7,10139
2019-10-20 07:09:43,16155857,1003081,394479,9.7,10139
2019-10-20 08:09:43,16155982,1003092,394480,9.7,10139
2019-10-20 09:09:44,16156198,1003098,394482,9.7,10139
2019-10-20 10:09:44,16156566,1003121,394487,9.7,10139
2019-10-20 11:09:44,16157005,1003143,394487,9.7,10139
2019-10-20 12:09:44,16157485,1003177,394487,9.7,10140
2019-10-20 13:09:45,16158088,1003209,394497,9.7,10140
2019-10-20 14:09:45,16158750,1003230,394498,9.7,10140
2019-10-20 15:09:45,16159373,1003245,394507,9.7,10140
2019-10-20 16:09:46,16159906,1003267,394524,9.7,10141
2019-10-20 17:09:46,16160465,1003296,394539,9.7,10143
2019-10-20 18:09:47,16161034,1003325,394548,9.7,10143
2019-10-20 19:09:47,16161559,1003345,394554,9.7,10143
2019-10-20 20:09:48,16162079,1003375,394561,9.7,10143
2019-10-20 21:09:49,16162581,1003400,394567,9.7,10144
2019-10-20 22:09:49,16163088,1003416,394585,9.7,10145
2019-10-20 23:09:49,16163815,1003443,394605,9.7,10145
2019-10-21 00:09:49,16164700,1003481,394620,9.7,10148
2019-10-21 01:09:50,16165485,1003505,394642,9.7,10149
2019-10-21 02:09:50,16166065,1003538,394658,9.7,10149
2019-10-21 03:09:50,16166400,1003554,394664,9.7,10149
2019-10-21 04:09:51,16166605,1003560,394666,9.7,10149
2019-10-21 05:09:51,16166753,1003565,394667,9.7,10149
2019-10-21 06:09:51,16166824,1003563,394667,9.7,10149
2019-10-21 07:09:51,16166893,1003567,394667,9.7,10149
2019-10-21 08:09:51,16167007,1003573,394669,9.7,10149
2019-10-21 09:09:52,16167148,1003579,394672,9.7,10149
2019-10-21 10:09:52,16167311,1003581,394675,9.7,10149
2019-10-21 11:09:52,16167505,1003593,394675,9.7,10149
2019-10-21 12:09:53,16167735,1003599,394679,9.7,10149
2019-10-21 13:09:53,16168029,1003605,394686,9.7,10149
2019-10-21 14:09:53,16168538,1003637,394690,9.7,10149
2019-10-21 15:09:53,16168876,1003647,394693,9.7,10149
2019-10-21 16:09:54,16169114,1003657,394694,9.7,10149
2019-10-21 17:09:54,16169350,1003661,394695,9.7,10149
2019-10-21 18:09:54,16169628,1003672,394697,9.7,10149
2019-10-21 19:09:54,16169965,1003683,394701,9.7,10149
2019-10-21 20:09:55,16170387,1003695,394703,9.7,10149
2019-10-21 21:09:55,16170808,1003713,394717,9.7,10149
2019-10-21 22:09:55,16171329,1003737,394728,9.7,10149
2019-10-21 23:09:55,16171958,1003763,394741,9.7,10149
2019-10-22 00:09:55,16172788,1003797,394755,9.7,10149
2019-10-22 01:09:56,16173550,1003834,394759,9.7,10149
2019-10-22 02:09:56,16174150,1003856,394766,9.7,10149
2019-10-22 03:09:57,16174408,1003863,394774,9.7,10150
